symbol,z_GSE48452,z_GSE63067,z_meta,p_meta,padj_meta,log2FC_meta,log2FC_1,log2FC_2
ABCB11,-3.867439513164247,-2.3568836058006686,-4.401261085716294,1.0762352855630578e-05,0.007291709306746829,-0.6054871975,-0.6306373382698407,-0.5803370567301593
ADSSL1,2.485207190615829,3.1092623390995673,3.955887341603272,7.625109081060812e-05,0.027479595237235754,0.7116026353730156,0.4369049238888882,0.986300346857143
AMDHD1,-3.9956449523428854,-2.2379261203481273,-4.407800376508116,1.0442572226544365e-05,0.007291709306746829,-0.5269608170079394,-0.6535895990317488,-0.4003320349841299
ANKRD18A,4.081500606550671,2.425225754186745,4.600950333002693,4.205677103055018e-06,0.0040773594823518364,0.6584836135396821,0.9993573850634916,0.3176098420158726
APOF,-4.601511531949952,-2.3740908461496577,-4.932495744415241,8.118554897618018e-07,0.0017196512712747785,-0.7814312765873002,-0.90576609626984,-0.6570964569047604
BBOX1,1.5878636821606968,3.5811194824135755,3.6550230475095686,0.00025715887482857217,0.049328650180362456,0.8977031965912694,0.577502094801587,1.2179042983809518
DEPTOR,-1.987668577113175,-3.796689668428168,-4.0901589402346055,4.3107767909029597e-05,0.01872203520110624,-0.671207202376984,-0.2989395178174607,-1.0434748869365071
ENO3,2.7707156334210077,3.240444443911857,4.250532053479921,2.1326331185753025e-05,0.011914751716230026,1.5987407388134924,1.1568954295000005,2.0405860481269844
FAM171A1,-2.3988777682216584,-3.171276936048402,-3.938694163647509,8.192628080948493e-05,0.027753346887021114,-0.5125840106111101,-0.3880892865714278,-0.6370787346507925
FAM213A,2.5813298161255784,4.70471804984116,5.152013854074855,2.5770399281547786e-07,0.001234646069269426,0.6177434563253986,0.3205163563333357,0.9149705563174616
FGGY,-3.2663728314195017,-2.4716677567047967,-4.057407410586337,4.962047898393217e-05,0.020011230310234357,-0.6765424380238096,-0.441733885793651,-0.9113509902539684
FGL1,-3.4557449769875723,-2.054217885994521,-3.896132104500682,9.774109070120293e-05,0.029563189183874558,-0.5302347927301589,-0.5866454062539681,-0.4738241792063498
FMO1,3.521132784331021,2.9768030045041636,4.594734460000118,4.333006888790474e-06,0.0040773594823518364,0.8467086921825391,1.1061514378571418,0.5872659465079364
GPR88,-3.5136449763069453,-3.630872524832221,-5.051936773361472,4.3735248645746577e-07,0.001234646069269426,-1.7746659827142854,-0.831073136761904,-2.718258828666667
GRIA3,3.947829636939269,3.5278284322544833,5.286088514558835,1.2495944699348132e-07,0.0010582815565877933,0.652065537150794,0.6754827089206348,0.6286483653809531
GRID1,4.626658686521191,2.34882318907219,4.932410536275937,8.122098341125415e-07,0.0017196512712747785,0.7678966053531733,1.2053048038015852,0.3304884069047613
GRTP1,-3.1183541692750794,-3.002295394213224,-4.3279528116090615,1.5050170313890371e-05,0.009441473510247227,-0.5383127213968248,-0.4842451538888888,-0.5923802889047609
HPGD,3.070535004895684,2.5077088073955496,3.9444140267830305,7.999534593510093e-05,0.027753346887021114,0.8415357666706345,0.6217174608492062,1.0613540724920627
IDNK,-2.5654771503813,-3.3160100503225087,-4.158839483079548,3.198685715663983e-05,0.014643064500517985,-0.5696674224285716,-0.3482882143174599,-0.7910466305396833
IGF1,-3.9525526636957347,-2.638303185886163,-4.6604388650623845,3.1553587322416845e-06,0.00356303108044731,-0.9117891851150786,-0.9757798037539676,-0.8477985664761896
IGFBP2,-3.5691115035101033,-2.7013093823052254,-4.433857129253778,9.256197775629472e-06,0.007126430814709636,-1.4564202728015863,-1.3464979291746015,-1.566342616428571
IP6K3,3.277806656768552,2.822024955373211,4.313232297041512,1.6088491845192337e-05,0.009732388388352421,1.144246375896826,0.9662007236349216,1.3222920281587305
ISM1,3.633565384148211,1.7555915095016663,3.810709384378058,0.00013856858941083117,0.03485481860964238,0.7290825898571422,0.9826481159999992,0.4755170637142853
ITIH3,-3.9395047901023403,-2.2627769182088775,-4.3856754547761465,1.1562641219683937e-05,0.007532616037654097,-0.5802701053055568,-0.5480878352619047,-0.6124523753492088
ITIH4,-2.6651315111316567,-3.2932550867031454,-4.213215568260032,2.5176057098695696e-05,0.012922183489021445,-0.5440746219761907,-0.2166005938888897,-0.8715486500634917
KLHL29,2.180963353705198,3.2240855318645822,3.821946719631183,0.00013240230080934908,0.03397924501679932,1.1221470577182533,0.3855611903571416,1.858732925079365
MAMDC4,3.1652763871876077,3.13138657595902,4.452413080087161,8.491061600952204e-06,0.00684864768556802,0.8367683800238099,0.8817772733333342,0.7917594867142856
ME1,4.092316002444746,2.4783877469023246,4.646189178331187,3.3812295350227268e-06,0.003579454116513434,0.8972037201031742,1.0957165555714292,0.6986908846349191
MEP1B,3.9069064930928916,2.983385076306455,4.8721718930747775,1.1037806838188287e-06,0.002077315246947036,1.1270619456269837,1.3412950798412684,0.912828811412699
MMP9,3.0781844317944125,2.346277712688974,3.835673966653925,0.00012522043261662893,0.032630518271699396,0.8853508828253971,0.9906400313809528,0.7800617342698413
NEBL,3.6173191885648275,3.6193263698802736,5.117081147420041,3.10300143894681e-07,0.001234646069269426,0.7770328202817449,0.5861798652142838,0.967885775349206
NT5E,-3.421053192380818,-3.2379183309437045,-4.7086039198708844,2.4941919613308944e-06,0.0030669525753353405,-0.6280968388730157,-0.5137111848253966,-0.7424824929206348
P4HA1,-4.14882318708508,-1.8552818667542292,-4.245543398526197,2.180642951960862e-05,0.011914751716230026,-1.2429490363928553,-1.3783395954999982,-1.1075584772857123
PAIP2B,-1.726603324761223,-3.5307152072058443,-3.717485584811618,0.00020121546414609924,0.0428664388817205,-0.5181658857619045,-0.3385465677142854,-0.6977852038095236
PC,-3.7009840252857176,-1.6080981135016668,-3.754087982212939,0.00017397375274217925,0.0396457947292151,-0.5487314684841271,-0.4783057267619064,-0.6191572102063478
PDE11A,3.422940156349496,3.2413431374889727,4.712359908821403,2.4486441147332856e-06,0.0030669525753353405,1.05458906781746,0.938766317174604,1.170411818460316
PEG10,3.753021156743543,3.0540037920262653,4.813293500981143,1.484629993079207e-06,0.0025146662822775607,1.5752189416349198,1.9320198802857125,1.2184180029841274
PKLR,2.425528158401628,3.0122412326187304,3.8450836109191386,0.00012051134030063652,0.03189407940644033,0.679286926607142,0.5609607020873,0.7976131511269839
PLEKHA7,2.1476870376149995,3.304833641287704,3.85551434661198,0.00011548655720690147,0.03122789084084425,0.6237237191150782,0.2249076554999973,1.022539782730159
PLIN1,2.9215820568670194,3.553428950209683,4.578524191361473,4.682680157129066e-06,0.004174486131655374,1.1153288510198403,0.8206707815476184,1.409986920492062
PPM1K,-3.5466357207671972,-2.1549825642638654,-4.031652953082678,5.5385932725151556e-05,0.021816905313921327,-0.6884155992857143,-0.9255434294126984,-0.4512877691587302
SCLY,-2.4261135404851513,-4.228180783806528,-4.705296640717801,2.5349708380384207e-06,0.0030669525753353405,-0.595422389960317,-0.2266434950317455,-0.9642012848888886
SGCB,3.539620040741032,2.1154200874970726,3.9987172225592076,6.368671474945419e-05,0.02399298368215898,0.6439786449563494,0.64155015797619,0.6464071319365088
SGCE,2.014167941815268,3.6220748631146553,3.9854255077798366,6.735930746596874e-05,0.02480286847518649,0.8556656449960314,0.4815732979444433,1.2297579920476194
SH2B3,3.0038439179951704,2.9227038783731185,4.190702135838208,2.7809254078534312e-05,0.013458089873777546,0.5119818283690489,0.3170217678492069,0.706941888888891
SHBG,-3.2655302956148273,-1.989579160258919,-3.7159235321258746,0.000202462812052051,0.0428664388817205,-0.9069615444682538,-1.008495863428572,-0.8054272255079358
SLC51A,-3.0938146325312483,-2.8748135495610625,-4.220457461938608,2.4380706112754442e-05,0.012905012504307336,-0.7977233557420651,-0.6691542270396855,-0.9262924844444448
SRD5A2,2.4665975227299874,3.2747802393555885,4.059767148924355,4.912167750411344e-05,0.020011230310234357,0.9099110338928575,0.7268188748650815,1.0930031929206336
SULF2,4.102082367129654,1.2199178505018042,3.763222443363486,0.00016773787552797133,0.03930661489706024,0.7542347753650795,0.9675583523492062,0.5409111983809529
TMEM154,4.4358756204210055,4.0883672715586155,6.027549953400017,1.6646380924910223e-09,2.8195640010612934e-05,1.4380688097301602,1.550670995365082,1.3254666240952382
TPSB2///TPSAB1,3.296338263211568,2.166365695169172,3.862715012585617,0.00011213379547785644,0.03122789084084425,0.5135595604166667,0.5899924531666665,0.4371266676666669
TSPAN3,4.77576400328591,2.3760417267193614,5.0570903294155345,4.2570162965515567e-07,0.001234646069269426,0.6126151365515877,0.5212270829444448,0.7040031901587307
UGT2A3,2.942187765213545,3.3000044984828865,4.413896479129953,1.0152652085794953e-05,0.007291709306746829,0.9742635350119055,0.6838331877222235,1.2646938823015876
