canonical_smiles,name,organism,pathway,pAct_ACC2,pAct_DGAT2,pAct_FASN,pAct_FDFT1,pAct_FXR,pAct_HMGCR,pAct_LXRa,pAct_PPARG,pAct_SCD,pAct_THRb,top3_mean,max_pAct,n_active,MTS,admet_ok,pains,mw2,obscure,final
CC1=CC(OC2=CC=C3N=C(COC4=CC=C(CC5SC(=O)NC5=O)C=C4)N(C)C3=C2)=CC(C)=C1N,Inolitazone,,Alkaloids,6.61,7.61,5.54,7.57,5.78,5.63,6.73,8.6,5.22,6.7,7.93,8.6,6,43.82,True,False,502.5960000000002,0.0,43.82
COC1=CC(OC)=C2C(=O)[C@@]3(OC2=C1Cl)C(=O)C=C(N[C@@H](CC1=CC=CC=C1)C(N)=O)C[C@H]3C,STL551538,,Polyketides,6.63,7.65,5.54,6.73,6.62,5.97,5.57,6.68,5.18,7.34,7.24,7.65,6,41.65,True,False,484.9360000000002,0.0,41.65
COC1=CC(OC)=C2C(=O)[C@@]3(OC2=C1Cl)C(O)=C(C(CC(=O)NCC1=CC=C(C2=NC=CS2)C=C1)C1=CC=C(SC)C=C1)C(=O)C[C@H]3C,STL552500,,,6.71,7.78,5.57,6.64,6.64,6.96,5.99,5.93,5.22,6.83,7.19,7.78,6,41.56,True,False,705.2540000000001,0.0,41.56
CC(=O)C1=C(O)C(C)=C(O)C2=C1OC1=CC(=O)/C(=C(/C)NC3=CC(C4=NN(C(C)C)N=N4)=CC=C3O)C(=O)[C@@]12C,STL551586,,Polyketides,6.75,7.39,5.52,6.5,6.44,7.12,5.95,6.64,5.29,7.03,7.18,7.39,6,41.43,True,False,545.5520000000001,0.0,41.43
COC1=CC(C(CC(=O)NCC2=CSC(C)=N2)C2=C(O)[C@@]3(OC4=C(Cl)C(OC)=CC(OC)=C4C3=O)[C@H](C)CC2=O)=CC=C1O,STL552569,,,6.75,7.68,5.39,6.58,6.61,5.78,5.7,6.54,5.1,7.25,7.23,7.68,6,41.41,True,False,643.1140000000003,0.0,41.41
COC1=CC(OC)=C2C(=O)[C@@]3(OC2=C1Cl)C(O)=C(C(CC(=O)NCC1=NC(C2=CC=C(N(C)C)C=C2)=NO1)C1=CC=C(SC)C=C1)C(=O)C[C@H]3C,STL551721,,,6.72,7.56,5.75,6.64,6.62,7.01,5.82,5.97,5.27,6.86,7.14,7.56,6,41.41,True,False,733.2430000000002,0.0,41.41
COC1=CC(OC)=C2C(=O)[C@@]3(OC2=C1Cl)C(O)=C(C(CC(=O)NCCC1=NC(C2=CC=C(N(C)C)C=C2)=NO1)C1=CC=C(SC)C=C1)C(=O)C[C@H]3C,STL551928,,,6.72,7.56,5.82,6.64,6.62,7.02,5.81,5.94,5.27,6.84,7.14,7.56,6,41.4,True,False,747.2700000000002,0.0,41.4
COC1=CC=CC(OC2=CN=C(N)N=C2C2=CC=C(OCC3=CC=C(Cl)C(Cl)=C3)C=C2O)=C1,"2-[2-amino-5-(3-methoxyphenoxy)pyrimidin-4-yl]-5-[(3,4-dichlorobenzyl)oxy]phenol",,Alkaloids,6.21,7.11,5.87,7.03,5.92,6.57,6.5,6.89,5.52,7.22,7.12,7.22,6,41.32,True,False,484.33900000000017,0.0,41.32
CNC(=O)[C@H](CC1=CC=CC=C1)NC1=CC(=O)[C@@]2(OC3=C(Cl)C(OC)=CC(OC)=C3C2=O)[C@H](C)C1,STL550403,,Polyketides,6.65,7.64,5.56,6.85,6.64,5.97,5.55,6.62,5.25,6.84,7.11,7.64,6,41.24,True,False,498.96300000000036,0.0,41.24
CC(=O)C1=C(O)C(C)=C(O)C2=C1OC1=CC(=O)/C(=C(/C)NCC3=NC4=CC(Cl)=CC=C4N3C)C(=O)[C@@]12C,STL547465,,Polyketides,6.66,7.72,5.62,6.57,6.69,5.59,5.91,6.5,5.15,7.03,7.15,7.72,6,41.17,True,False,521.9570000000002,0.0,41.17
COC1=CC(OC)=C2C(=O)[C@@]3(OC2=C1Cl)C(O)=C(C(CC(=O)NCC1=CSC(C)=N1)C1=CC=C2OCOC2=C1)C(=O)C[C@H]3C,STL552326,,,6.75,7.71,5.48,6.64,6.65,5.9,5.55,6.55,5.17,6.82,7.09,7.71,6,41.12,True,False,641.0980000000001,0.0,41.12
CC(=O)C1=C(O)C(C)=C(O)C2=C1OC1=CC(=O)/C(=C(/C)NC3=CC=C4C(=C3)N=C3COCCN34)C(=O)[C@@]12C,STL551365,,Polyketides,6.58,7.61,5.73,6.6,6.58,5.41,6.04,6.55,5.1,7.0,7.07,7.61,6,40.92,True,False,515.5220000000003,0.0,40.92
COC1=CC=CC(OC2=CN=C(N)N=C2C2=CC=C(OCC3=CC=C(Cl)C=C3)C=C2O)=C1,903188-93-2,,Alkaloids,6.23,7.12,5.2,6.6,5.91,6.62,6.52,6.81,5.46,7.18,7.04,7.18,6,40.85,True,False,449.8940000000001,0.0,40.85
C=CC1=CC=C(COC2=CC=C(C3=NC(N)=NC=C3OC3=CC=CC(OC)=C3)C(O)=C2)C=C1,2-[2-amino-5-(3-methoxyphenoxy)pyrimidin-4-yl]-5-[(4-ethenylbenzyl)oxy]phenol,,Shikimates and Phenylpropanoids,6.17,7.12,5.23,6.52,5.74,6.51,6.54,6.71,5.47,7.28,7.04,7.28,6,40.68,True,False,441.4870000000002,0.0,40.68
COC1=CC=CC(OC2=CN=C(N)N=C2C2=CC=C(OCC3=CC=CC=C3Cl)C=C2O)=C1,896843-77-9,,Alkaloids,6.27,7.11,5.91,6.55,5.85,6.51,6.61,6.58,5.56,7.28,7.0,7.28,6,40.64,True,False,449.8940000000001,0.0,40.64
C=C(C)[C@H]1COC2=C(C)C=C3OC4=C(C[C@H](O)C(C)(C)OCC5=C(/C=C/[C@@H](O)[C@@H](O)/C=C/C)C=CC=C5OC)C=CC(O)=C4C(=O)C3=C2[C@@H]1O,Varioxiranol G,Aspergillus stellatus|Emericella variecolor,Polyketides,6.71,7.84,5.23,6.87,5.43,5.73,6.06,8.45,5.3,7.23,7.84,8.45,5,37.1,True,False,686.7980000000002,1.0,38.96
C=C(C)[C@H]1COC2=C(C)C=C3OC4=C(C[C@H](O)C(C)(C)OCC5=C(/C=C/[C@@H](O)[C@@H](O)CCC)C=CC=C5OC)C=CC(O)=C4C(=O)C3=C2[C@@H]1O,Varioxiranol F,Aspergillus stellatus|Emericella variecolor,Polyketides,6.74,7.85,5.24,6.8,5.51,5.74,6.08,8.45,5.35,7.2,7.83,8.45,5,37.04,True,False,688.8140000000003,1.0,38.89
C=CC(C)(C)C1=CC=C(C2=C(CC(C)C)C(=O)N(O)C2=O)C=C1O,Antrocinnamomin F,Antrodia cinnamomea|Antrodia cinnamomea BCRC 36799|Taiwanofungus camphoratus,Alkaloids,6.69,7.58,5.35,6.51,5.25,7.08,5.88,5.96,5.25,6.55,7.12,7.58,5,34.41,True,False,329.396,2.0,37.85
CC1=CC(N2N=CC(=O)NC2=O)=CC(C)=C1OC1=CC=C(O)C(C(C)C)=C1,"2-[4-(4-HYDROXY-3-ISOPROPYL-PHENOXY)-3,5-DIMETHYL-PHENYL]-2H-[1,2,4]TRIAZINE-3,5-DIONE",,Alkaloids,6.75,8.0,5.38,5.89,5.39,6.03,6.65,6.56,5.3,9.89,8.21,9.89,5,37.85,True,False,367.4050000000001,0.0,37.85
CC(=O)O[C@@H]1[C@@H](O)[C@H]([C@@H](O)CO)O[C@H]1C1=C(O)C=C(O)C2=C1OC(C1=CC=C(O)C=C1)=CC2=O,,Crataegus pinnatifida,Shikimates and Phenylpropanoids,6.61,7.74,5.1,7.65,5.46,7.36,5.9,5.49,5.16,6.53,7.58,7.74,5,35.89,True,False,474.41800000000023,1.0,37.68
COC(=O)[C@]1(CC2=CC=C(O)C(CC(O)C(C)(C)O)=C2)OC(=O)C(O)=C1C1=CC=C(O)C=C1,Butyrolactone VI,Aspergillus terreus|Aspergillus terreus BCC 4651,Shikimates and Phenylpropanoids,6.86,7.58,5.34,6.71,5.51,7.36,6.01,5.48,5.34,7.13,7.36,7.58,5,35.64,True,False,458.4630000000002,1.0,37.42
COC(=O)[C@]1(CC2=CC=C(O)C([C@@H](O)C(C)(C)O)=C2)OC(=O)C(O)=C1C1=CC=C(O)C=C1,,Aspergillus terreus,Shikimates and Phenylpropanoids,6.84,7.68,5.3,6.57,5.46,7.36,6.02,5.21,5.27,7.19,7.41,7.68,5,35.64,True,False,444.4360000000002,1.0,37.42
COC(=O)[C@]1(CC2=CC=C(O)C(C[C@H](O)C(C)(C)O)=C2)OC(=O)C(O)=C1C1=CC=C(O)C=C1,Aspernolide D,Aspergillus terreus|Aspergillus terreus RCBC1002,Shikimates and Phenylpropanoids,6.86,7.58,5.34,6.71,5.51,7.36,6.01,5.48,5.34,7.13,7.36,7.58,5,35.64,True,False,458.4630000000002,1.0,37.42
CC(C)=CCC1=CC(C2=COC3=C4C=CC(C)(C)OC4=CC(O)=C3C2=O)=CC=C1O,,Deguelia scandens|Derris scandens|Maclura cochinchinensis|Trifolium pratense,Shikimates and Phenylpropanoids,6.73,7.77,5.41,6.24,6.78,7.03,5.71,5.67,5.19,7.31,7.37,7.77,5,35.62,True,False,404.46200000000016,1.0,37.4
COC1=C(Br)C=C([C@H](O)C2=C(C3=CC=C(O)C(Br)=C3)/C(=C/C3=CC=C(O)C(Br)=C3)OC2=O)C=C1Br,CADIOLIDE G,Synoicum|Synoicum sp.|synoicum sp.,Shikimates and Phenylpropanoids,6.53,7.6,5.81,6.65,5.26,7.39,6.08,5.51,5.39,7.33,7.44,7.6,5,35.5,True,False,732.0130000000001,1.0,37.28
COC(=O)[C@]1(CC2=CC=C(O)C(C[C@@H](O)C(C)(C)O)=C2)OC(=O)C(OC)=C1C1=CC=C(O)C=C1,Aspernolide H,Aspergillus iizukae,Shikimates and Phenylpropanoids,6.85,7.56,5.34,6.67,5.51,7.33,6.04,5.47,5.34,7.09,7.33,7.56,5,35.5,True,False,472.49000000000024,1.0,37.28
COC(=O)[C@@]1(CC2=CC=C(O)C(C[C@H](O)C(C)(C)O)=C2)OC(=O)C(OC)=C1C1=CC=C(O)C=C1,"methyl (2S)-2-[[3-[(2S)-2,3-dihydroxy-3-methylbutyl]-4-hydroxyphenyl]methyl]-3-(4-hydroxyphenyl)-4-methoxy-5-oxofuran-2-carboxylate",Aspergillus|Aspergillus sp. CPCC 400735,Shikimates and Phenylpropanoids,6.85,7.56,5.34,6.67,5.51,7.33,6.04,5.47,5.34,7.09,7.33,7.56,5,35.5,True,False,472.49000000000024,1.0,37.28
COC(=O)[C@]1(CC2=CC=C(O)C(C[C@H](O)C(C)(C)O)=C2)OC(=O)C(OC)=C1C1=CC=C(O)C=C1,Aspernolide I,Aspergillus iizukae,Shikimates and Phenylpropanoids,6.85,7.56,5.34,6.67,5.51,7.33,6.04,5.47,5.34,7.09,7.33,7.56,5,35.5,True,False,472.49000000000024,1.0,37.28
COC(=O)[C@@]1(CC2=CC=C(O)C(C[C@@H](O)C(C)(C)O)=C2)OC(=O)C(OC)=C1C1=CC=C(O)C=C1,"methyl (2S)-2-[[3-[(2R)-2,3-dihydroxy-3-methylbutyl]-4-hydroxyphenyl]methyl]-3-(4-hydroxyphenyl)-4-methoxy-5-oxofuran-2-carboxylate",Aspergillus|Aspergillus sp. CPCC 400735,Shikimates and Phenylpropanoids,6.85,7.56,5.34,6.67,5.51,7.33,6.04,5.47,5.34,7.09,7.33,7.56,5,35.5,True,False,472.49000000000024,1.0,37.28
CC(C)=CCOC1=CC=C(C2=COC3=C4C=CC(C)(C)OC4=CC(O)=C3C2=O)C=C1,,Millettia oblata,Shikimates and Phenylpropanoids,6.77,7.71,5.34,6.26,7.07,7.27,5.97,5.63,5.13,6.66,7.35,7.71,5,35.48,True,False,404.46200000000016,1.0,37.25
CCOC1=C(C2=CC=C(O)C=C2)[C@](CC2=CC=C(O)C(C[C@H](O)C(C)(C)O)=C2)(C(=O)OC)OC1=O,Aspernolide G,Aspergillus terreus,Shikimates and Phenylpropanoids,6.83,7.59,5.32,6.56,5.46,7.31,6.15,5.69,5.33,7.17,7.36,7.59,5,35.46,True,False,486.5170000000003,1.0,37.23
COC1=CC(C2=CC(=O)C3=C(O)C=C4OC(C)(C)C=CC4=C3O2)=CC=C1O,Racemoflavone,Atalantia racemosa|Boswellia papyrifera|Cestrum laevigatum|Lupinus argenteus|Solanum pennellii|Ulmus pumila,Shikimates and Phenylpropanoids,6.77,7.56,4.78,6.27,6.6,7.32,5.86,5.58,5.09,7.11,7.33,7.56,5,35.36,True,False,366.3690000000001,1.0,37.13
COC(=O)C1(CC2=CC=C(O)C(C(O)C3OC3(C)C)=C2)OC(=O)C(O)=C1C1=CC=C(O)C=C1,,Aspergillus terreus,Shikimates and Phenylpropanoids,6.66,7.67,5.43,6.52,5.56,7.33,6.1,5.05,5.28,7.17,7.39,7.67,5,35.35,True,False,456.44700000000023,1.0,37.12
CC(C)(O)[C@@H](O)CC1=C(O)C=CC2=C1OC(C1=CC=C(O)C=C1)=CC2=O,,Brosimum acutifolium,Shikimates and Phenylpropanoids,6.7,7.68,4.89,6.53,5.22,7.14,5.88,5.57,5.54,7.24,7.35,7.68,5,35.29,True,False,356.3740000000001,1.0,37.05
CC(C)(O)[C@H](O)CC1=C(O)C=CC2=C1OC(C1=CC=C(O)C=C1)=CC2=O,,Brosimum acutifolium,Shikimates and Phenylpropanoids,6.7,7.68,4.89,6.53,5.22,7.14,5.88,5.57,5.54,7.24,7.35,7.68,5,35.29,True,False,356.3740000000001,1.0,37.05
C=C(C)[C@@H]1COC2=C(C)C=C3OC4=C(C[C@@H](OC(=O)C5=C(O)C=C(O)C=C5CC/C=C\C=C/CCC)C(C)(C)O)C=CC(O)=C4C(=O)C3=C2[C@H]1O,Emerxanthone A,Emericella|Emericella sp. XL029,Polyketides,6.8,7.69,5.25,6.61,5.36,5.67,6.06,6.92,5.23,7.16,7.26,7.69,5,35.18,True,False,698.8090000000003,1.0,36.94
C=C(C)[C@@H]1COC2=C(C)C=C3OC4=C(C[C@@H](OC(=O)C5=C(O)C=C(O)C=C5CC/C=C\C=C/CCC)C(C)(C)O)C=CC(O)=C4C(=O)C3=C2[C@@H]1O,Emerxanthone B,Emericella|Emericella sp. XL029,Polyketides,6.8,7.69,5.25,6.61,5.36,5.67,6.06,6.92,5.23,7.16,7.26,7.69,5,35.18,True,False,698.8090000000003,1.0,36.94
O=C1C=C(C2=CC=C(O)C=C2)OC2=C([C@@H](O)[C@H]3O[C@H](CO)[C@@H](O)[C@@H]3O)C(O)=CC=C12,,Commiphora sphaerocarpa|Erythrina speciosa|Helichrysum drakensbergense|Lecidea quernea|Piper divaricatum|Plakortis angulospiculatus|Prosopis africana|Prunus prostrata|Richteria pyrethroides|Santolina pectinata|Satureja vulgaris,Shikimates and Phenylpropanoids,6.53,7.78,5.01,6.23,5.29,7.03,6.69,5.55,5.61,7.12,7.31,7.78,5,35.15,True,False,416.3820000000001,1.0,36.91
NC[C@H](O)C1=CC=C(O)C2=C1OCC(OC1=CC=CC(O)=C1)=C2C1=CC=C(O)C(Br)=C1,Ammonificin C,Thermovibrio ammonificans,Alkaloids,6.33,7.01,5.18,6.13,5.44,7.33,6.51,6.61,5.42,7.63,7.32,7.63,5,35.09,True,False,486.3180000000001,1.0,36.84
C=C(C)[C@H]1COC2=C(C)C=C3OC4=C([C@@H](OC)[C@@H](OC(C)=O)C(C)(C)O)C=CC(O)=C4C(=O)C3=C2[C@@H]1O,Aspergixanthone F,Aspergillus|Aspergillus sp.|Aspergillus sp. ZA-01,Polyketides,6.68,7.82,5.23,6.57,5.46,5.65,6.14,6.84,5.05,7.18,7.28,7.82,5,35.09,True,False,512.5550000000003,1.0,36.84
OC1=CC=CC(CC2=NC=CN2)=C1OC1=CC=CC(CC2=NC=CN2)=C1,Lepidine B,Lepidium satisvum|Lepidium sativum,Alkaloids,6.26,7.3,5.26,6.75,5.37,6.28,6.91,6.79,5.23,7.32,7.18,7.32,5,35.07,True,False,346.3900000000001,1.0,36.82
COC1=CC(C2=C(O[C@@H]3O[C@@H]([C@@H](C)O)[C@@H](O)[C@H]3O)C(=O)C3=C(O)C=C(O)C=C3O2)=CC=C1O,,Caragana jubata,Shikimates and Phenylpropanoids,6.57,7.53,5.09,6.29,5.32,7.45,6.58,5.34,5.11,6.93,7.3,7.53,5,35.06,True,False,462.4070000000002,1.0,36.81
CC(C)(O)[C@H](O)CC1=C(O)C=C2OC=C(C3=CC=C4O[C@@H](C(C)(C)O)CC4=C3)C(=O)C2=C1O,,Lupinus albus,Shikimates and Phenylpropanoids,6.72,7.69,5.28,6.46,6.93,7.0,5.74,5.7,5.13,6.66,7.21,7.69,5,35.0,True,False,456.49100000000027,1.0,36.75
CC1(C)[C@@H]2C3=CC([C@H]4CC(=O)C5=C(O)C=C(O)C=C5O4)=C(O)C=C3O[C@@]3(C)CC[C@H]1[C@H]23,,Morus alba,Shikimates and Phenylpropanoids,6.79,7.57,4.46,7.44,6.54,5.16,5.84,5.3,5.03,6.63,7.27,7.57,5,34.97,True,False,422.4770000000002,1.0,36.72
COC1=CC=C(C2=C(C3=C(OC)C=C4O[C@@H](C5=CC=C(O)C=C5)CC(=O)C4=C3O)C(=O)C3=C(O)C=C(OC)C=C3O2)C=C1,,Actinobacillus equuli|Cissus rheifolia|Cytisus uniflorus|Etlingera elatior|Hymenoxys lemmoni|Psidium araca|Selaginella delicatula,Shikimates and Phenylpropanoids,6.5,7.18,5.1,7.51,6.84,6.36,5.89,5.6,5.11,6.92,7.2,7.51,5,34.95,True,False,582.5610000000003,1.0,36.7
CC(C)=CCC1=C(O)C=CC2=C1C(=O)C1=C(O)C=C3OC(C)(C)C=CC3=C1O2,"6,9-dihydroxy-3,3-dimethyl-8-(3-methylbut-2-enyl)pyrano[2,3-c]xanthen-7-one",Maclura cochinchinensis|Maclura tricuspidata,Shikimates and Phenylpropanoids,6.71,7.69,5.17,6.53,6.71,5.72,5.73,5.59,5.23,7.29,7.23,7.69,5,34.93,True,False,378.42400000000015,1.0,36.68
C=C(C)[C@H]1COC2=C(C)C=C3OC4=C(C[C@H](OC=O)C(C)(C)O)C=CC(O)=C4C(=O)C3=C2[C@@H]1O,varixanthone,Aspergillus stellatus|Emericella variecolor,Polyketides,6.64,7.65,5.24,6.57,5.4,5.62,5.98,6.86,5.23,7.21,7.24,7.65,5,34.93,True,False,468.50200000000024,1.0,36.68
C=C(C)[C@@H]1COC2=C(C)C=C3OC4=C(C[C@H](OC(C)=O)C(C)(C)O)C=CC(O)=C4C(=O)C3=C2[C@@H]1O,Aspergixanthone I,Aspergillus|Aspergillus sp. ZA-01,Polyketides,6.66,7.68,5.21,6.5,5.47,5.65,6.05,6.88,5.23,7.19,7.25,7.68,5,34.91,True,False,482.5290000000002,1.0,36.66
C=C(C)[C@H]1COC2=C(C)C=C3OC4=C(C[C@H](OC(C)=O)C(C)(C)O)C=CC(O)=C4C(=O)C3=C2[C@@H]1O,Emerixanthone D,Emericella|Emericella sp.|Emericella sp. SCSIO 05240,Polyketides,6.66,7.68,5.21,6.5,5.47,5.65,6.05,6.88,5.23,7.19,7.25,7.68,5,34.91,True,False,482.5290000000002,1.0,36.66
C[C@@H]1CC(=O)C(O)=C2[C@H]1[C@@]1(C)C[C@H](O)[C@@]34C[C@@]35CC[C@H](O[C@@H]3OC[C@@H](O)[C@H](O)[C@H]3O)C(C)(C)[C@@H]5CC=C4[C@]1(C)[C@H]2O,,Actaea cimicifuga,Terpenoids,6.92,7.58,4.39,7.34,5.64,5.7,5.92,6.5,4.88,6.57,7.28,7.58,5,34.91,True,False,574.7110000000002,1.0,36.66
COC1=C(Br)C=C(C/C(=N\O)C(=O)N[C@H](CC2=CC=C(O)C(Br)=C2)C(=O)O)C=C1Br,callyspongic acid,Callyspongia sp.,Shikimates and Phenylpropanoids,5.9,7.13,5.45,6.64,5.52,6.5,6.13,6.58,5.67,7.94,7.24,7.94,5,34.79,True,False,609.0650000000002,1.0,36.53
COC1=CC=C([C@@H]2CC(=O)C3=C(C=C4OC(C)(CCCC(C)(C)O)CCC4=C3O)O2)C=C1O,"(8S)-5-hydroxy-8-(3-hydroxy-4-methoxyphenyl)-2-(4-hydroxy-4-methylpentyl)-2-methyl-3,4,7,8-tetrahydropyrano[3,2-g]chromen-6-one",Paulownia tomentosa,Shikimates and Phenylpropanoids,6.85,7.46,5.25,6.97,6.8,5.84,5.76,5.84,5.29,6.7,7.09,7.46,5,34.78,True,False,456.53500000000025,1.0,36.52
CC1(C)C=CC2=CC(C3=COC4=C5C=CC(C)(C)OC5=CC(O)=C4C3=O)=CC=C2O1,Ulexone B,Flemingia macrophylla|Maackia amurensis|Ulex europaeus,Shikimates and Phenylpropanoids,6.77,7.61,5.37,6.22,6.75,7.04,5.76,5.51,5.12,6.58,7.14,7.61,5,34.75,True,False,402.44600000000014,1.0,36.49
CC(C)(O)[C@@H](O)CC1=C(O)C=C(O)C2=C1OC=C(C1=CC=C(O)C=C1)C2=O,ERYCIBENIN B,Erycibe expansa,Shikimates and Phenylpropanoids,6.69,7.72,5.13,6.57,5.4,7.22,5.81,5.38,5.17,6.54,7.21,7.72,5,34.74,True,False,372.3730000000001,1.0,36.48
COC1=CC([C@@H]2CC(=O)C3=C(C=C4OC(C(C)(O)CCC=C(C)C)CC4=C3O)O2)=CC=C1O,"(7S)-4-hydroxy-7-(4-hydroxy-3-methoxyphenyl)-2-(2-hydroxy-6-methylhept-5-en-2-yl)-2,3,6,7-tetrahydrofuro[3,2-g]chromen-5-one",Paulownia tomentosa,Shikimates and Phenylpropanoids,6.52,7.48,5.17,6.83,6.67,5.8,5.53,5.74,5.03,7.24,7.18,7.48,5,34.74,True,False,454.5190000000003,1.0,36.48
CC1(C)C=CC2=C(C=C(O)C3=C2OC=C(C2=CC=C4OCOC4=C2)C3=O)O1,"5-Hydroxy-3',4'-methylenedioxy-6'',6''-dimethylpyrano[2'',3'':7,8]isoflavone",Deguelia scandens|Deguelia spruceana|Derris scandens|Derris spruceana,Shikimates and Phenylpropanoids,6.79,7.62,5.36,6.16,6.73,7.02,5.59,5.11,5.13,6.57,7.14,7.62,5,34.73,True,False,364.3530000000002,1.0,36.47
C=C(C)[C@H]1COC2=C(C)C=C3OC4=C([C@@H](OC)[C@@H](O)C(C)(C)O)C=CC(O)=C4C(=O)C3=C2[C@@H]1O,Aspergixanthone B,Aspergillus|Aspergillus sp.|Aspergillus sp. ZA-01,Polyketides,6.66,7.59,5.21,6.5,5.38,5.64,6.11,6.83,5.08,7.13,7.18,7.59,5,34.71,True,False,470.5180000000002,1.0,36.45
C=C(C)[C@@H](OC1=C(OC)C(O)=C2C(=O)C(OC)=C(C3=CC=C(OC)C=C3)OC2=C1OC)[C@@H](O)C1=C(OC)C=CC2=C1OC(=O)C=C2,,Micromelum minutum,Shikimates and Phenylpropanoids,6.73,7.25,5.33,7.04,5.37,7.14,5.99,5.54,5.14,6.54,7.14,7.25,5,34.7,True,False,632.6180000000003,1.0,36.44
C=C(C)[C@H](OC1=C(OC)C(O)=C2C(=O)C(OC)=C(C3=CC=C(OC)C=C3)OC2=C1OC)[C@H](O)C1=C(OC)C=CC2=C1OC(=O)C=C2,"5-hydroxy-7-[(1R,2S)-1-hydroxy-1-(7-methoxy-2-oxochromen-8-yl)-3-methylbut-3-en-2-yl]oxy-3,6,8-trimethoxy-2-(4-methoxyphenyl)chromen-4-one",Micromelum minutum,Shikimates and Phenylpropanoids,6.73,7.25,5.33,7.04,5.37,7.14,5.99,5.54,5.14,6.54,7.14,7.25,5,34.7,True,False,632.6180000000003,1.0,36.44
C[C@H](O)[C@@H]1O[C@@H](OC2=CC(O)=C3C(=O)C(O)=C(C4=CC=C(O)C=C4)OC3=C2)[C@H](O)[C@H]1O,,Macroptilium atropurpureum|Phaseolus atropurpureum|Prunus spinosa,Shikimates and Phenylpropanoids,6.59,7.55,5.19,6.13,5.28,7.4,6.59,5.24,5.14,6.53,7.18,7.55,5,34.66,True,False,432.3810000000001,1.0,36.39
C[C@H](O)[C@H]1O[C@@H](OC2=CC(O)=C3C(=O)C(O)=C(C4=CC=C(O)C=C4)OC3=C2)[C@H](O)[C@@H]1O,,Aconitum orientale|Aspergillus ochraceus|Cordia fragrantissima|Cyperus teneriffae|Mundulea chapelieri,Shikimates and Phenylpropanoids,6.59,7.55,5.19,6.13,5.28,7.4,6.59,5.24,5.14,6.53,7.18,7.55,5,34.66,True,False,432.3810000000001,1.0,36.39
COC1=CC=C(C[C@H]2/N=C(\O)C[C@@H](C[C@H](O)[C@H](C)/C=C/C3=CC=CC=C3)OC(=O)[C@H](CC(C)C)OC(=O)[C@H](C)C/N=C/2O)C=C1Cl,"(3~{S},6~{R},8~{Z},10~{R},11~{Z},14~{R})-10-[(3-chloro-4-methoxy-phenyl)methyl]-9,12-dihydroxy-14-[(~{E},2~{S},3~{R})-2-hydroxy-3-methyl-5-phenyl-pent-4-enyl]-3-isobutyl-6-methyl-1,4-dioxa-8,11-diazacyclotetradeca-8,11-diene-2,5-dione",Ajuga nipponensis|Anneissia japonica|Capnella lacertiliensis|Cladrastis sikokiana|Cytisus prolifer|Eleutherococcus sieboldianus|Eriobotrya deflexa|Grevillea robusta|Katsuwonus pelamis|Lasius meridionalis|Lycopodium saururus|Meyerozyma guilliermondii|Neurolaena lobata|Nostoc sp|Osteospermum oppositifolium|Peperomia clusiifolia|Rana catesbeiana|Smilax moranensis|Streptomyces pilosus|Tinospora rumphii|Ungernia vvedenskyi|Vaccinium arctostaphylos,Polyketides,6.54,7.57,6.34,7.04,5.46,5.9,5.76,6.63,5.14,6.88,7.16,7.57,5,34.66,True,False,657.2040000000002,1.0,36.39
C[C@H](O)[C@@H]1O[C@@H](OC2=CC(O)=C3C(=O)C(O)=C(C4=CC=C(O)C=C4)OC3=C2)[C@H](O)[C@@H]1O,DTXSID501121006,Macroptilium atropurpureum,Shikimates and Phenylpropanoids,6.59,7.55,5.19,6.13,5.28,7.4,6.59,5.24,5.14,6.53,7.18,7.55,5,34.66,True,False,432.3810000000001,1.0,36.39
C[C@H](O)[C@@H]1O[C@H](OC2=CC(O)=C3C(=O)C(O)=C(C4=CC=C(O)C=C4)OC3=C2)[C@@H](O)[C@H]1O,,Prunus speciosa,Shikimates and Phenylpropanoids,6.59,7.55,5.19,6.13,5.28,7.4,6.59,5.24,5.14,6.53,7.18,7.55,5,34.66,True,False,432.3810000000001,1.0,36.39
C=C(C)[C@@H](O)CC1=CC=C(C2=C(O)C(=O)C3=C4OC(C)(C)CCC4=C(O)C(CC=C(C)C)=C3O2)C=C1O,DORSILURIN H,Dorstenia psilurus,Shikimates and Phenylpropanoids,6.7,7.68,5.71,6.52,5.69,7.16,5.88,6.05,5.24,6.57,7.18,7.68,5,34.63,True,False,506.59500000000037,1.0,36.36
COC1=CC2=CC3=C(C(=O)O[C@H](C)C3)C(O)=C2C2=C1[C@@H]1C34NC(=O)[C@]5(CCCN5C3=O)C[C@H]4C(C)(C)C3=NC4=C(C=CC5=C4C=CC(C)(C)O5)[C@]31O2,Waikikiamide B,Aspergillus sp. FM242,Alkaloids,6.77,7.51,5.58,6.62,6.95,5.9,5.5,6.18,5.15,6.78,7.08,7.51,5,34.63,True,False,701.7760000000002,1.0,36.36
COC1=CC2=CC3=C(C(=O)O[C@H](C)C3)C(O)=C2C2=C1[C@@H]1[C@@]34NC(=O)[C@]5(CCCN5C3=O)C[C@H]4C(C)(C)C3=NC4=C(C=CC5=C4C=CC(C)(C)O5)[C@]31O2,,Aspergillus,Alkaloids,6.77,7.51,5.58,6.62,6.95,5.9,5.5,6.18,5.15,6.78,7.08,7.51,5,34.63,True,False,701.7760000000002,1.0,36.36
COC1=CC(OC2=C(O)C(=O)C3=C(O)C(OC)=C(OC)C=C3O2)=CC=C1O,"3,5-dihydroxy-2-(4-hydroxy-3-methoxyphenoxy)-6,7-dimethoxychromen-4-one",Artemisia,Shikimates and Phenylpropanoids,6.67,7.55,5.06,5.96,5.4,5.98,6.64,6.54,5.1,7.18,7.13,7.55,5,34.58,True,False,376.31700000000006,1.0,36.31
COC1=CC=C(C2=COC3=C4C=CC(C)(C)OC4=CC(O)=C3C2=O)C=C1,4'-O-Methylderrone,Euchresta horsfieldii,Shikimates and Phenylpropanoids,6.83,7.25,5.32,6.28,6.68,7.23,5.87,5.19,5.14,6.58,7.1,7.25,5,34.57,True,False,350.37000000000006,1.0,36.3
COC1=CC([C@@H]2CC(=O)C3=C(C=C4OC(C)(CCCC(C)(C)O)CCC4=C3O)O2)=CC(O)=C1OC,"(8S)-5-hydroxy-8-(3-hydroxy-4,5-dimethoxyphenyl)-2-(4-hydroxy-4-methylpentyl)-2-methyl-3,4,7,8-tetrahydropyrano[3,2-g]chromen-6-one",Paulownia tomentosa,Shikimates and Phenylpropanoids,6.85,7.48,4.41,6.93,6.61,5.84,5.75,5.85,5.32,6.69,7.09,7.48,5,34.56,True,False,486.5610000000003,1.0,36.29
COC1=CC([C@@H]2CC(=O)C3=C(C=C4OC(C)(CCC=C(C)C)C(O)CC4=C3O)O2)=CC=C1O,"(8S)-3,5-dihydroxy-8-(4-hydroxy-3-methoxyphenyl)-2-methyl-2-(4-methylpent-3-enyl)-3,4,7,8-tetrahydropyrano[3,2-g]chromen-6-one",Paulownia tomentosa,Shikimates and Phenylpropanoids,6.51,7.48,5.29,6.53,6.79,5.69,5.45,5.84,5.04,7.25,7.17,7.48,5,34.56,True,False,454.5190000000002,1.0,36.29
CC1=CC(OC2=CC(C)=C(C(N)=O)C(O)=C2)=CC=C1O,,Aspergillus austroafricanus,Alkaloids,6.5,6.99,5.13,5.82,5.16,6.18,6.74,6.64,5.12,7.65,7.13,7.65,5,34.52,True,False,273.288,1.0,36.25
CC1(C)C=CC2=C(C=C(O)C3=C2OC2=CC=C4OC(C(C)(C)O)CC4=C2C3=O)O1,"21-hydroxy-6-(2-hydroxypropan-2-yl)-17,17-dimethyl-7,12,18-trioxapentacyclo[11.8.0.03,11.04,8.014,19]henicosa-1(13),3(11),4(8),9,14(19),15,20-heptaen-2-one",Maclura cochinchinensis|Maclura tricuspidata,Shikimates and Phenylpropanoids,6.92,7.52,5.1,6.67,6.76,5.44,5.66,5.37,5.09,6.62,7.07,7.52,5,34.49,True,False,394.42300000000023,1.0,36.21
CS[C@@]1(CC2=CC=CC=C2)NC(=O)[C@@](CC2=CC=CC=C2O)(SC)NC1=O,Eutypellazine J,Eutypella|Eutypella sp.|Eutypella sp. MCCC 3A00281,Alkaloids,6.52,7.71,5.37,6.87,6.64,5.48,5.98,5.37,5.14,6.75,7.11,7.71,5,34.49,True,False,402.54100000000005,1.0,36.21
COC1=CC=C(C2=CC(=O)C3=C(O)C=C4OC(C)(C)C=CC4=C3O2)C=C1,4'-O-Methylatalantoflavone,Atalantia buxifolia,Shikimates and Phenylpropanoids,6.83,7.24,5.08,6.2,6.57,7.24,5.91,5.54,5.12,6.59,7.1,7.24,5,34.47,True,False,350.37000000000006,1.0,36.19
COC1=CC2=C(C(O)=C1OC)C(=O)C(O)=C(C1=CC=C(OCC[C@H](C)CCCC(C)(C)O)C(O)=C1)O2,,Zanthoxylum alatum,Shikimates and Phenylpropanoids,6.65,7.61,5.04,6.52,5.27,7.15,5.84,5.83,5.39,6.53,7.14,7.61,5,34.46,True,False,502.5600000000004,1.0,36.18
CC(C)=CCC1=CC=CC([C@@H]2CC(=O)C3=C(O)C=C4OC(C)(C)C=CC4=C3O2)=C1O,"(-)-(2S)-5,2'-dihydroxy-6'',6''-dimethylchromeno-(7,8:2'',3'')-3'-prenylflavanone",Blighia sapida|Dalea boliviana|Misopates orontium|Spathiphyllum wallisii|Theobroma grandiflorum,Shikimates and Phenylpropanoids,6.62,7.7,5.5,6.64,6.77,5.24,5.54,5.87,5.11,6.67,7.05,7.7,5,34.4,True,False,406.4780000000002,1.0,36.12
CO[C@@H]1[C@@H](OC(N)=O)[C@@H](O)[C@H](OC2=CC=C3C(O)=C(NC(=O)C4=CC=C5OC(C(C)C)CC5=C4)C(=O)OC3=C2C)OC1(C)C,Coumabiocin B,Streptomyces|Streptomyces sp. L-4-4,Shikimates and Phenylpropanoids,6.68,7.35,5.52,6.58,6.86,5.51,5.78,6.06,5.21,6.91,7.04,7.35,5,34.38,True,False,612.6320000000002,1.0,36.1
C=C(C)[C@H]1CC2=C(OC3=C4C=CC(C)(C)OC4=CC(O)=C3C2=O)[C@@]23O[C@]12C(=O)C(O)=CC3=O,Artonin P,Artocarpus rigida|Artocarpus rigidus,Polyketides,6.79,7.55,4.37,6.61,6.77,5.5,5.61,5.29,5.06,6.66,7.04,7.55,5,34.38,True,False,448.42700000000025,1.0,36.1
CO[C@@H]1[C@@H](OC(N)=O)[C@@H](O)[C@H](OC2=CC=C3C(O)=C(NC(=O)C4=CC=C5O[C@H](C(C)C)CC5=C4)C(=O)OC3=C2C)OC1(C)C,,Streptomyces L-4-4,Shikimates and Phenylpropanoids,6.68,7.35,5.52,6.58,6.86,5.51,5.78,6.06,5.21,6.91,7.04,7.35,5,34.38,True,False,612.6320000000002,1.0,36.1
CC(C)(O)CCCC1(C)CCC2=C(C=C3O[C@H](C4=CC=C(O)C=C4)CC(=O)C3=C2O)O1,"(8S)-5-hydroxy-2-(4-hydroxy-4-methylpentyl)-8-(4-hydroxyphenyl)-2-methyl-3,4,7,8-tetrahydropyrano[3,2-g]chromen-6-one",Paulownia tomentosa,Shikimates and Phenylpropanoids,6.86,7.49,5.35,6.62,6.84,5.55,5.77,5.84,5.33,6.55,7.06,7.49,5,34.36,True,False,426.5090000000002,1.0,36.08
COC1=CC=CC(CC2=NC=CN2)=C1OC1=CC=CC(CC2=NC=CN2)=C1,100108-65-4,Lepidium sativum,Alkaloids,6.05,7.17,5.26,7.12,5.58,6.1,6.57,6.72,5.39,6.78,7.02,7.17,5,34.36,True,False,360.4170000000001,1.0,36.08
CC(C)=CCC1=CC=CC2=C1OC1=C3C=CC(C)(C)OC3=CC(O)=C1C2=O,LaurentixanthoneA,Psorospermum laurentii|Vismia laurentii,Shikimates and Phenylpropanoids,6.63,7.75,5.27,6.64,6.69,5.67,5.72,5.61,5.17,6.65,7.03,7.75,5,34.36,True,False,362.4250000000001,1.0,36.08
C/C=C1\N=C(/O)[C@H]2CSSCC/C=C/[C@H](C/C(O)=N/[C@H](C(C)C)/C(O)=N/2)OC(=O)[C@H](C(C)C)\N=C\1O,"(1~{S},4~{S},5~{Z},7~{Z},8~{Z},10~{S},16~{E},19~{Z},21~{R},22~{Z})-7-ethylidene-6,9,19,22-tetrahydroxy-4,21-diisopropyl-2-oxa-12,13-dithia-5,8,20,23-tetrazabicyclo[8.7.6]tricosa-5,8,16,19,22-pentaen-3-one",Humicola fuscoatra,,6.51,7.49,4.34,6.03,5.32,6.81,5.79,6.75,5.12,6.8,7.03,7.49,5,34.36,True,False,540.7080000000003,1.0,36.08
COC1=CC([C@@H]2CC(=O)C3=C(C=C4OC(C)(CCCC(C)(C)O)CCC4=C3O)O2)=CC(OC)=C1O,"(8S)-5-hydroxy-8-(4-hydroxy-3,5-dimethoxyphenyl)-2-(4-hydroxy-4-methylpentyl)-2-methyl-3,4,7,8-tetrahydropyrano[3,2-g]chromen-6-one",Paulownia tomentosa,Shikimates and Phenylpropanoids,6.85,7.48,4.38,6.92,6.57,5.84,5.72,5.85,5.3,6.52,7.08,7.48,5,34.34,True,False,486.5610000000003,1.0,36.06
CO[C@H]1CC=C(C2=COC3=C4C=CC(C)(C)OC4=CC(O)=C3C2=O)CC1,,Millettia pachycarpa,Shikimates and Phenylpropanoids,6.75,7.55,4.42,6.12,6.7,5.45,5.7,6.75,5.18,6.58,7.02,7.55,5,34.33,True,False,354.40200000000016,1.0,36.05
C[C@H](C/C=C/C1=CC=CC=C1)[C@H]1CC#C[C@@]2(O)[C@@H](C(=O)O)O[C@@H](OC3=CC=C4C(=O)C(C5=CC=C(O)C=C5)=COC4=C3)[C@@](O)(CNC1)[C@H]2O,,,Shikimates and Phenylpropanoids,6.81,7.69,5.8,7.74,5.82,7.25,5.83,6.27,5.18,6.54,7.56,7.74,5,36.03,True,False,667.7110000000002,0.0,36.03
COC1=CC=C(C[C@H]2/N=C(\O)C[C@H](O)C[C@@H]([C@H](C)/C=C/C3=CC=CC=C3)OC(=O)[C@H](CC(C)C)OC(=O)[C@H](C)C/N=C/2O)C=C1Cl,"(3~{S},6~{R},8~{Z},10~{R},11~{Z},14~{R},16~{S})-10-[(3-chloro-4-methoxy-phenyl)methyl]-9,12,14-trihydroxy-3-isobutyl-6-methyl-16-[(~{E},1~{R})-1-methyl-3-phenyl-allyl]-1,4-dioxa-8,11-diazacyclohexadeca-8,11-diene-2,5-dione",Ajuga nipponensis|Anneissia japonica|Capnella lacertiliensis|Cladrastis sikokiana|Cytisus prolifer|Eleutherococcus sieboldianus|Eriobotrya deflexa|Grevillea robusta|Katsuwonus pelamis|Lasius meridionalis|Lycopodium saururus|Meyerozyma guilliermondii|Neurolaena lobata|Nostoc sp|Osteospermum oppositifolium|Peperomia clusiifolia|Rana catesbeiana|Smilax moranensis|Streptomyces pilosus|Tinospora rumphii|Ungernia vvedenskyi|Vaccinium arctostaphylos,Polyketides,6.53,7.56,6.37,6.66,5.55,5.92,5.77,6.64,5.16,6.89,7.04,7.56,5,34.28,True,False,657.2040000000002,1.0,35.99
CC(C)=CCC1=C2O[C@@H](C(C)(C)O)CC2=C(O)C2=C1O[C@H](C1=CC=C(O)C=C1)CC2=O,,Erythrina fusca|Lupinus luteus,Shikimates and Phenylpropanoids,6.54,7.53,5.34,6.62,6.89,5.23,5.62,5.84,5.19,6.64,7.02,7.53,5,34.22,True,False,424.49300000000017,1.0,35.93
CC(C)=CCC1=C2O[C@H](C(C)(C)O)CC2=C(O)C2=C1O[C@H](C1=CC=C(O)C=C1)CC2=O,,Erythrina fusca|Leptorumohra miqueliana,Shikimates and Phenylpropanoids,6.54,7.53,5.34,6.62,6.89,5.23,5.62,5.84,5.19,6.64,7.02,7.53,5,34.22,True,False,424.49300000000017,1.0,35.93
CC(C)=CCC1=C2O[C@@H](C(C)(C)O)CC2=C(O)C2=C1O[C@@H](C1=CC=C(O)C=C1)CC2=O,,Lonchocarpus minimiflorus|Lupinus luteus,Shikimates and Phenylpropanoids,6.54,7.53,5.34,6.62,6.89,5.23,5.62,5.84,5.19,6.64,7.02,7.53,5,34.22,True,False,424.49300000000017,1.0,35.93
CC(=O)O[C@H]1C(O)[C@@H](C(O)CO)O[C@H]1C1=C(O)C=C(O)C2=C1OC(C1=CC=C(O)C=C1)=CC2=O,8-C-beta-D-Glucofuranosylapigenin 2''-O-acetate,,Shikimates and Phenylpropanoids,6.61,7.74,5.1,7.65,5.46,7.36,5.9,5.49,5.16,6.53,7.58,7.74,5,35.89,True,False,474.41800000000023,0.0,35.89
CCC(CC)C(=O)N1CC[C@H]2CC(=O)NC3=CC=C(C4=CN(C)N=C4)C=C3OCC[C@H]2C1,"(5R,10S)-7-(2-ethylbutanoyl)-17-(1-methylpyrazol-4-yl)-2-oxa-7,13-diazatricyclo[12.4.0.05,10]octadeca-1(14),15,17-trien-12-one",,Alkaloids,6.65,8.06,7.2,6.6,5.91,7.38,5.6,6.08,5.48,6.12,7.55,8.06,5,35.89,True,False,438.5720000000003,0.0,35.89
COC(=O)[C@H](CC1=CC=C(O)C([N+](=O)[O-])=C1)NC(=O)CON=C1C=C2CC[C@@H]3[C@@H]4CC[C@@H](O)[C@@]4(C)CC[C@@H]3[C@@]2(C)CC1,,,Terpenoids,6.05,7.02,5.59,6.52,7.41,5.72,6.04,6.76,5.71,8.14,7.52,8.14,5,35.85,True,False,583.6820000000001,0.0,35.85
COC(=O)[C@H](CC1=CC=C(O)C([N+](=O)[O-])=C1)NC(=O)CON=C1C=C2CC[C@H]3[C@@H](CC[C@]4(C)[C@@H](O)CC[C@@H]34)[C@@]2(C)CC1,,,Terpenoids,6.05,7.02,5.59,6.52,7.41,5.72,6.04,6.76,5.71,8.14,7.52,8.14,5,35.85,True,False,583.6820000000001,0.0,35.85
COC(=O)[C@H](CC1=CC=C(O)C([N+](=O)[O-])=C1)NC(=O)CO/N=C1\C=C2CC[C@@H]3[C@@H]4CC[C@H](O)[C@@]4(C)CC[C@@H]3[C@@]2(C)CC1,"methyl (2S)-2-[2-({[(1S,2R,10S,11S,14S,15S)-14-hydroxy-2,15-dimethyltetracyclo[8.7.0.0²,⁷.0¹¹,¹⁵]heptadec-6-en-5-ylidene]amino}oxy)acetamido]-3-(4-hydroxy-3-nitrophenyl)propanoate",,Terpenoids,6.05,7.02,5.59,6.52,7.41,5.72,6.04,6.76,5.71,8.14,7.52,8.14,5,35.85,True,False,583.6820000000001,0.0,35.85
COC(=O)[C@H](CC1=CC=C(O)C([N+](=O)[O-])=C1)NC(=O)CO/N=C1\C=C2CC[C@H]3[C@@H](CC[C@]4(C)[C@@H](O)CC[C@@H]34)[C@@]2(C)CC1,"methyl (2S)-2-[2-({[(1R,2R,10S,11S,14S,15S)-14-hydroxy-2,15-dimethyltetracyclo[8.7.0.0²,⁷.0¹¹,¹⁵]heptadec-6-en-5-ylidene]amino}oxy)acetamido]-3-(4-hydroxy-3-nitrophenyl)propanoate",,Terpenoids,6.05,7.02,5.59,6.52,7.41,5.72,6.04,6.76,5.71,8.14,7.52,8.14,5,35.85,True,False,583.6820000000001,0.0,35.85
COC(=O)[C@H](CC1=CC=C(O)C([N+](=O)[O-])=C1)NC(=O)CON=C1C=C2CC[C@H]3[C@@H](CC[C@]4(C)[C@H](O)CC[C@@H]34)[C@@]2(C)CC1,,,Terpenoids,6.05,7.02,5.59,6.52,7.41,5.72,6.04,6.76,5.71,8.14,7.52,8.14,5,35.85,True,False,583.6820000000001,0.0,35.85
COC(=O)C(CC1=CC=C(O)C([N+](=O)[O-])=C1)NC(=O)CON=C1C=C2CCC3C4CCC(O)[C@@]4(C)CCC3[C@@]2(C)CC1,AKOS030494604,,Terpenoids,6.05,7.02,5.59,6.52,7.41,5.72,6.04,6.76,5.71,8.14,7.52,8.14,5,35.85,True,False,583.6820000000001,0.0,35.85
COC(=O)[C@H](CC1=CC=C(O)C([N+](=O)[O-])=C1)NC(=O)CO/N=C1\C=C2CC[C@@H]3[C@@H](CC[C@]4(C)[C@@H](O)CC[C@@H]34)[C@@]2(C)CC1,"methyl (2S)-2-[2-({[(1R,2R,10R,11S,14S,15S)-14-hydroxy-2,15-dimethyltetracyclo[8.7.0.0²,⁷.0¹¹,¹⁵]heptadec-6-en-5-ylidene]amino}oxy)acetamido]-3-(4-hydroxy-3-nitrophenyl)propanoate",,Terpenoids,6.05,7.02,5.59,6.52,7.41,5.72,6.04,6.76,5.71,8.14,7.52,8.14,5,35.85,True,False,583.6820000000001,0.0,35.85
COC(=O)[C@H](CC1=CC=C(O)C([N+](=O)[O-])=C1)NC(=O)CO/N=C1/C=C2CC[C@H]3[C@@H](CC[C@]4(C)[C@@H](O)CC[C@@H]34)[C@@]2(C)CC1,"methyl (2S)-2-[2-({[(1R,2R,5E,10S,11S,14S,15S)-14-hydroxy-2,15-dimethyltetracyclo[8.7.0.0²,⁷.0¹¹,¹⁵]heptadec-6-en-5-ylidene]amino}oxy)acetamido]-3-(4-hydroxy-3-nitrophenyl)propanoate",,Terpenoids,6.05,7.02,5.59,6.52,7.41,5.72,6.04,6.76,5.71,8.14,7.52,8.14,5,35.85,True,False,583.6820000000001,0.0,35.85
COC(=O)[C@H](CC1=CC=C(O)C([N+](=O)[O-])=C1)NC(=O)CON=C1C=C2CC[C@@H]3[C@@H]4CC[C@H](O)[C@@]4(C)CC[C@@H]3[C@@]2(C)CC1,,,Terpenoids,6.05,7.02,5.59,6.52,7.41,5.72,6.04,6.76,5.71,8.14,7.52,8.14,5,35.85,True,False,583.6820000000001,0.0,35.85
COC(=O)[C@H](CC1=CC=C(O)C([N+](=O)[O-])=C1)NC(=O)CO/N=C1\C=C2CC[C@H]3[C@@H]4CC[C@H](O)[C@@]4(C)CC[C@@H]3[C@@]2(C)CC1,,,Terpenoids,6.05,7.02,5.59,6.52,7.41,5.72,6.04,6.76,5.71,8.14,7.52,8.14,5,35.85,True,False,583.6820000000001,0.0,35.85
O=C1C=CC2=CC3=C(O)N=C(O)N=C3N(CC(O)C(O)C(O)CO)C2=C1,Factor Fo,Methanothermobacter thermautotrophicus,Alkaloids,6.5,7.52,5.97,6.2,6.72,6.81,5.99,5.44,5.18,6.59,7.02,7.52,5,34.14,True,False,363.3260000000001,1.0,35.85
COC(=O)[C@H](CC1=CC=C(O)C([N+](=O)[O-])=C1)NC(=O)CO/N=C1/C=C2CC[C@@H]3[C@@H]4CC[C@H](O)[C@@]4(C)CC[C@@H]3[C@@]2(C)CC1,"methyl (2S)-2-[2-({[(1S,2R,5E,10S,11S,14S,15S)-14-hydroxy-2,15-dimethyltetracyclo[8.7.0.0²,⁷.0¹¹,¹⁵]heptadec-6-en-5-ylidene]amino}oxy)acetamido]-3-(4-hydroxy-3-nitrophenyl)propanoate",,Terpenoids,6.05,7.02,5.59,6.52,7.41,5.72,6.04,6.76,5.71,8.14,7.52,8.14,5,35.85,True,False,583.6820000000001,0.0,35.85
COC1=CC=C(C2=COC3=C4C(=CC(O)=C3C2=O)OC(=O)C[C@H]4C2=CN(C(C)C)N=C2)C=C1,,,Shikimates and Phenylpropanoids,6.59,7.68,5.73,6.8,5.52,7.88,5.81,5.68,5.3,6.89,7.48,7.88,5,35.84,True,False,446.4590000000002,0.0,35.84
COC1=CC=C(C2=COC3=C4C(=CC(O)=C3C2=O)OC(=O)C[C@@H]4C2=CN(C(C)C)N=C2)C=C1,,,Shikimates and Phenylpropanoids,6.59,7.68,5.73,6.8,5.52,7.88,5.81,5.68,5.3,6.89,7.48,7.88,5,35.84,True,False,446.4590000000002,0.0,35.84
O=C1C(O)=C(C2=CC=C(O)C(CC3=CC=CC=C3)=C2)OC2=CC(O)=CC(O[C@@H](CO)CCCO)=C12,,,Shikimates and Phenylpropanoids,6.6,7.83,5.04,6.83,5.31,7.28,5.87,5.38,5.55,7.26,7.46,7.83,5,35.8,True,False,478.49700000000036,0.0,35.8
CC1=C\[C@H](O)CC(=O)CC2=NC(=CO2)C(=O)N2CCC[C@@H]2C(=O)O[C@@H](C(C)C)[C@H](C)/C=C\C(O)=N/C\C=C\1,"(7~{R},10~{S},11~{R},12~{Z},14~{E},17~{E},19~{E},21~{R})-14,21-dihydroxy-10-isopropyl-11,19-dimethyl-9,26-dioxa-3,15,28-triazatricyclo[23.2.1.0^{3,7}]octacosa-1(27),12,14,17,19,25(28)-hexaene-2,8,23-trione",Alstonia lenormandii|Carex pendula|Cryptosporiopsis abietina|Gueriniella serratulae|Halobates hayanus|Hydrangea macrophylla|Neonauclea sessilifolia|Nepeta tuberosa|Polysyncraton echinatum,Amino acids and Peptides,6.58,7.49,4.56,6.24,6.67,6.0,5.41,6.57,5.03,6.76,6.97,7.49,5,34.07,True,False,527.6180000000004,1.0,35.77
CC(C)N1C=C(C2CC(=O)OC3=CC(O)=C4C(=O)C(C5=CC=C(O)C=C5)=COC4=C32)C=N1,STL539128,,Shikimates and Phenylpropanoids,6.54,7.94,5.63,6.73,5.55,7.73,5.78,5.54,5.33,6.82,7.5,7.94,5,35.76,True,False,432.43200000000013,0.0,35.76
C=CC1=CC=C(OC2=CC3=CC(O)=C(OC)C=C3OC2=O)C=C1OC=O,,Ruta montana,Shikimates and Phenylpropanoids,6.69,7.56,5.2,6.17,5.41,5.99,6.66,6.59,5.23,6.54,6.97,7.56,5,34.04,True,False,354.31400000000014,1.0,35.74
COC(=O)CC(C1=CC(OC)=C2OCCOC2=C1)C1=C(O)C=CC2=C1OC=C(C1=CC=C(O)C=C1)C2=O,AKOS032444413,,Shikimates and Phenylpropanoids,6.55,7.76,5.2,6.92,5.63,7.39,5.92,5.43,5.19,7.11,7.42,7.76,5,35.73,True,False,504.4910000000002,0.0,35.73
COC1=CC=C(C2=C(C3=C(O)C(=O)C=C(C)O3)NC(C3=CN(C(C)(C)C)C=C3)=N2)C=C1,STL524253,,Alkaloids,6.63,7.3,5.5,7.65,5.66,5.68,6.16,7.18,5.05,6.96,7.38,7.65,5,35.72,True,False,419.48100000000017,0.0,35.72
O=C1C(O)=C(C2=CC=C(O)C(CC3=CC=CC(O)=C3)=C2)OC2=CC(O)=CC(O[C@@H](CO)CCCO)=C12,,,Shikimates and Phenylpropanoids,6.63,7.74,4.99,6.81,5.36,7.25,5.92,5.36,5.54,7.26,7.42,7.74,5,35.69,True,False,494.4960000000003,0.0,35.69
COC(=O)[C@H](CC1=CC=C(O)C([N+](=O)[O-])=C1)NC(=O)CO/N=C1\C=C2CC[C@H]3[C@@H]([C@@H](O)C[C@@]4(C)[C@H]3CC[C@]4(O)C(=O)CO)[C@@]2(C)CC1,"methyl (2S)-2-[2-({[(1S,2R,5Z,10S,11R,14R,15S,17R)-14,17-dihydroxy-14-(2-hydroxyacetyl)-2,15-dimethyltetracyclo[8.7.0.0²,⁷.0¹¹,¹⁵]heptadec-6-en-5-ylidene]amino}oxy)acetamido]-3-(4-hydroxy-3-nitrophenyl)propanoate",,Terpenoids,5.98,7.04,5.6,6.65,7.49,5.71,6.08,6.7,5.31,7.8,7.44,7.8,5,35.68,True,False,657.7170000000001,0.0,35.68
COC(=O)C(CC1=CC=C(O)C([N+](=O)[O-])=C1)NC(=O)CO/N=C1\C=C2CCC3C(C(O)C[C@@]4(C)C3CC[C@]4(O)C(=O)CO)[C@@]2(C)CC1,STL529090,,Terpenoids,5.98,7.04,5.6,6.65,7.49,5.71,6.08,6.7,5.31,7.8,7.44,7.8,5,35.68,True,False,657.7170000000001,0.0,35.68
COC(=O)[C@H](CC1=CC=C(O)C([N+](=O)[O-])=C1)NC(=O)CO/N=C1\C=C2CC[C@H]3[C@H]([C@H](O)C[C@@]4(C)[C@@H]3CC[C@]4(O)C(=O)CO)[C@@]2(C)CC1,"methyl (2S)-2-[2-({[(1S,2R,5Z,10R,11R,14R,15S,17R)-14,17-dihydroxy-14-(2-hydroxyacetyl)-2,15-dimethyltetracyclo[8.7.0.0²,⁷.0¹¹,¹⁵]heptadec-6-en-5-ylidene]amino}oxy)acetamido]-3-(4-hydroxy-3-nitrophenyl)propanoate",,Terpenoids,5.98,7.04,5.6,6.65,7.49,5.71,6.08,6.7,5.31,7.8,7.44,7.8,5,35.68,True,False,657.7170000000001,0.0,35.68
COC(=O)[C@H](CC1=CC=C(O)C([N+](=O)[O-])=C1)NC(=O)CO/N=C1\C=C2CC[C@@H]3[C@H]([C@H](O)C[C@@]4(C)[C@@H]3CC[C@]4(O)C(=O)CO)[C@@]2(C)CC1,"methyl (2S)-2-[2-({[(1S,2R,5Z,10S,11R,14R,15S,17R)-14,17-dihydroxy-14-(2-hydroxyacetyl)-2,15-dimethyltetracyclo[8.7.0.0²,⁷.0¹¹,¹⁵]heptadec-6-en-5-ylidene]amino}oxy)acetamido]-3-(4-hydroxy-3-nitrophenyl)propanoate",,Terpenoids,5.98,7.04,5.6,6.65,7.49,5.71,6.08,6.7,5.31,7.8,7.44,7.8,5,35.68,True,False,657.7170000000001,0.0,35.68
COC(=O)[C@@H](CC1=CC=C(O)C([N+](=O)[O-])=C1)NC(=O)CO/N=C1\C=C2CC[C@@H]3[C@H]([C@H](O)C[C@@]4(C)[C@@H]3CC[C@]4(O)C(=O)CO)[C@@]2(C)CC1,"methyl (2R)-2-[2-({[(1S,2R,5Z,10S,11R,14R,15S,17R)-14,17-dihydroxy-14-(2-hydroxyacetyl)-2,15-dimethyltetracyclo[8.7.0.0²,⁷.0¹¹,¹⁵]heptadec-6-en-5-ylidene]amino}oxy)acetamido]-3-(4-hydroxy-3-nitrophenyl)propanoate",,Terpenoids,5.98,7.04,5.6,6.65,7.49,5.71,6.08,6.7,5.31,7.8,7.44,7.8,5,35.68,True,False,657.7170000000001,0.0,35.68
COC(=O)[C@H](CC1=CC=C(O)C([N+](=O)[O-])=C1)NC(=O)CO/N=C1\C=C2CC[C@H]3[C@H]([C@@H](O)C[C@@]4(C)[C@H]3CC[C@]4(O)C(=O)CO)[C@@]2(C)CC1,"methyl (2S)-2-[2-({[(1S,2R,5Z,10S,11R,14R,15S,17R)-14,17-dihydroxy-14-(2-hydroxyacetyl)-2,15-dimethyltetracyclo[8.7.0.0²,⁷.0¹¹,¹⁵]heptadec-6-en-5-ylidene]amino}oxy)acetamido]-3-(4-hydroxy-3-nitrophenyl)propanoate",,Terpenoids,5.98,7.04,5.6,6.65,7.49,5.71,6.08,6.7,5.31,7.8,7.44,7.8,5,35.68,True,False,657.7170000000001,0.0,35.68
COC(=O)[C@H](CC1=CC=C(O)C([N+](=O)[O-])=C1)NC(=O)CO/N=C1\C=C2CC[C@H]3[C@@H]([C@H](O)C[C@@]4(C)[C@H]3CC[C@]4(O)C(=O)CO)[C@@]2(C)CC1,"methyl (2S)-2-[2-({[(1S,2R,5Z,10S,11R,14R,15S,17R)-14,17-dihydroxy-14-(2-hydroxyacetyl)-2,15-dimethyltetracyclo[8.7.0.0²,⁷.0¹¹,¹⁵]heptadec-6-en-5-ylidene]amino}oxy)acetamido]-3-(4-hydroxy-3-nitrophenyl)propanoate",,Terpenoids,5.98,7.04,5.6,6.65,7.49,5.71,6.08,6.7,5.31,7.8,7.44,7.8,5,35.68,True,False,657.7170000000001,0.0,35.68
COC(=O)[C@@H](CC1=CC=C(O)C([N+](=O)[O-])=C1)NC(=O)CO/N=C1\C=C2CC[C@H]3[C@H]([C@H](O)C[C@@]4(C)[C@@H]3CC[C@]4(O)C(=O)CO)[C@@]2(C)CC1,"methyl (2R)-2-[2-({[(1S,2R,5Z,10R,11R,14R,15S,17R)-14,17-dihydroxy-14-(2-hydroxyacetyl)-2,15-dimethyltetracyclo[8.7.0.0²,⁷.0¹¹,¹⁵]heptadec-6-en-5-ylidene]amino}oxy)acetamido]-3-(4-hydroxy-3-nitrophenyl)propanoate",,Terpenoids,5.98,7.04,5.6,6.65,7.49,5.71,6.08,6.7,5.31,7.8,7.44,7.8,5,35.68,True,False,657.7170000000001,0.0,35.68
COC(=O)[C@H](CC1=CC=C(O)C([N+](=O)[O-])=C1)NC(=O)CO/N=C1\C=C2CC[C@H]3[C@H]([C@H](O)C[C@@]4(C)[C@H]3CC[C@]4(O)C(=O)CO)[C@@]2(C)CC1,"methyl (2S)-2-[2-({[(1S,2R,5Z,10S,11R,14R,15S,17R)-14,17-dihydroxy-14-(2-hydroxyacetyl)-2,15-dimethyltetracyclo[8.7.0.0²,⁷.0¹¹,¹⁵]heptadec-6-en-5-ylidene]amino}oxy)acetamido]-3-(4-hydroxy-3-nitrophenyl)propanoate",,Terpenoids,5.98,7.04,5.6,6.65,7.49,5.71,6.08,6.7,5.31,7.8,7.44,7.8,5,35.68,True,False,657.7170000000001,0.0,35.68
CC(C)C1=CC(OC2=C(Cl)C=C(CC(=O)O)C=C2Cl)=CC=C1O,KB-141,,Polyketides,6.41,6.89,5.86,6.72,5.46,6.27,6.69,6.56,5.38,8.81,7.47,8.81,5,35.67,True,False,355.217,0.0,35.67
O=C(O)CCC1=CC=C(OC2=C(O)C=CC3=C2OC(=O)C=C3)C=C1O,,,Shikimates and Phenylpropanoids,6.64,7.82,5.22,6.18,5.27,6.11,6.75,6.57,5.2,7.88,7.48,7.88,5,35.66,True,False,342.30300000000005,0.0,35.66
COC(=O)CC(C1=CC=C2OCCOC2=C1)C1=C(O)C=CC2=C1OC=C(C1=CC=C(O)C=C1)C2=O,STL543541,,Shikimates and Phenylpropanoids,6.53,7.78,5.25,6.85,5.67,7.38,5.79,5.37,5.21,7.12,7.43,7.78,5,35.66,True,False,474.46500000000015,0.0,35.66
CC1=C\[C@@H](O)CC(=O)CC2=NC(=CO2)C(=O)N2CCC=C2C(=O)O[C@H](C(C)C)[C@H](C)/C=C/C(O)=N/C\C=C\1,Ostreogrycin A,Alstonia lenormandii|Carex pendula|Cryptosporiopsis abietina|Gueriniella serratulae|Halobates hayanus|Hydrangea macrophylla|Mycoplasma genitalium|Neonauclea sessilifolia|Nepeta tuberosa|Polysyncraton echinatum|Streptomyces graminofaciens|Streptomyces pristinaespiralis,Amino acids and Peptides,6.56,7.5,4.75,6.18,6.69,6.28,5.58,6.52,5.23,6.68,6.96,7.5,5,33.95,True,False,525.6020000000003,1.0,35.65
O=C1C(C2=CC=C(O)C=C2)=COC2=C(O[C@H]3O[C@H]([C@H](O)CO)[C@H](O)[C@H]3O)C(O)=CC=C12,,,Shikimates and Phenylpropanoids,6.62,7.81,5.33,6.27,5.58,7.32,6.69,5.22,5.18,7.17,7.43,7.81,5,35.61,True,False,432.3810000000001,0.0,35.61
O=C1C(C2=CC=C(O)C=C2)=COC2=C(O[C@@H]3O[C@H]([C@H](O)CO)[C@H](O)[C@H]3O)C(O)=CC=C12,,,Shikimates and Phenylpropanoids,6.62,7.81,5.33,6.27,5.58,7.32,6.69,5.22,5.18,7.17,7.43,7.81,5,35.61,True,False,432.3810000000001,0.0,35.61
COC(=O)CC(C1=CC=CC=C1OC)C1=C(O)C=CC2=C1OC=C(C1=CC=C(O)C=C1)C2=O,methyl 3-(7-hydroxy-3-(4-hydroxyphenyl)-4-oxo-4H-chromen-8-yl)-3-(2-methoxyphenyl)propanoate,,Shikimates and Phenylpropanoids,6.55,7.77,5.38,6.64,5.55,7.55,5.86,5.31,5.36,7.07,7.46,7.77,5,35.58,True,False,446.4550000000002,0.0,35.58
COC(=O)CC(C1=CC=CC=C1OC(C)C)C1=C(O)C=CC2=C1OC=C(C1=CC=C(O)C=C1)C2=O,STL544432,,Shikimates and Phenylpropanoids,6.56,7.68,5.39,6.62,5.51,7.61,5.8,5.45,5.35,7.11,7.47,7.68,5,35.58,True,False,474.5090000000002,0.0,35.58
COC1=CC(C2CC(=O)C3=C(C=C(O)C(C/C=C(\C)CCC(O)C(C)(C)O)=C3O)O2)=CC(OC)=C1O,,Paulownia tomentosa,Shikimates and Phenylpropanoids,6.7,7.54,5.09,6.52,6.52,5.82,5.52,5.98,5.18,6.6,6.95,7.54,5,33.88,True,False,502.5600000000003,1.0,35.57
COC1=CC=C(C[C@H]2NC(=O)/C=C/C[C@@H](C[C@H]3O[C@@H]3C3=CC=CC=C3)OC(=O)[C@H](CC(C)C)OC(=O)[C@H](C)CNC2=O)C=C1Cl,Cryptophycin 40,Nostoc,Amino acids and Peptides,6.64,7.48,6.28,6.67,5.61,5.95,5.03,6.56,5.21,6.52,6.93,7.48,5,33.87,True,False,641.1610000000002,1.0,35.56
COC1=CC=C(C[C@H]2NC(=O)/C=C\C[C@@H](C[C@H]3O[C@@H]3C3=CC=CC=C3)OC(=O)[C@H](CC(C)C)OC(=O)[C@H](C)CNC2=O)C=C1Cl,Cryptophycin-40,Nostoc sp. GSV 224,Amino acids and Peptides,6.64,7.48,6.28,6.67,5.61,5.95,5.03,6.56,5.21,6.52,6.93,7.48,5,33.87,True,False,641.1610000000002,1.0,35.56
CC[C@H](O)COC1=CC(O)=CC2=C1C(=O)C(O)=C(C1=CC=C(O)C(CC3=CC=CC=C3)=C1)O2,,,Shikimates and Phenylpropanoids,6.55,7.95,5.06,6.62,5.57,7.22,5.99,5.56,5.02,7.21,7.46,7.95,5,35.55,True,False,448.4710000000002,0.0,35.55
O=C1C(O)=C(C2=CC=C(O)C(CC3=CC=CC=C3)=C2)OC2=CC(O)=CC(OCC(CO)CO)=C12,,,Shikimates and Phenylpropanoids,6.58,7.84,5.07,6.73,5.64,7.31,6.3,5.47,5.12,7.05,7.4,7.84,5,35.51,True,False,464.4700000000003,0.0,35.51
COC1=C(O)C(C2(C3=CN=CC3)CCCCC2)=C2[O+]=C(C3=CC=C(O)C=C3)[CH-]C(=O)C2=C1OCCCO,"7-hydroxy-2-(4-hydroxyphenyl)-5-(3-hydroxypropoxy)-6-methoxy-4-oxo-8-[1-(3H-pyrrol-3-id-4-yl)cyclohexyl]-3,4-dihydro-1??-benzopyran-1-ylium-3-ide",,Alkaloids,7.16,7.72,5.28,6.32,5.36,7.44,5.85,6.5,5.58,6.68,7.44,7.72,5,35.5,True,False,505.56700000000023,0.0,35.5
COC1=C(O)C=C([C@@H]2CC(=O)C3=C(O)C4=C(OC(C)(C)C=C4)C(CC=C(C)C)=C3O2)C=C1CC=C(C)C,,,Shikimates and Phenylpropanoids,6.73,7.56,4.56,7.65,6.72,5.52,5.59,6.01,5.25,6.84,7.35,7.65,5,35.5,True,False,504.62300000000033,0.0,35.5
COC1=CC(O)=C2C(=O)C(OC)=C(OC3=CC=C(OC)C(OC)=C3)OC2=C1,"2-(3,4-dimethoxyphenoxy)-5-hydroxy-3,7-dimethoxychromen-4-one",Artemisia,Polyketides,6.66,7.4,4.88,5.96,5.46,6.06,6.67,6.55,5.1,6.51,6.91,7.4,5,33.79,True,False,374.34500000000014,1.0,35.48
COC1=CC(OC)=C2C(=O)[C@@]3(OC2=C1Cl)C(O)=C(C(CC(=O)NCC1=CC=C(O)C(Cl)=C1)C1=CC=C2OCOC2=C1)C(=O)C[C@H]3C,STL552226,,,6.72,7.7,6.26,7.02,6.67,5.95,5.61,5.95,5.29,7.36,7.36,7.7,5,35.47,True,False,670.4980000000002,0.0,35.47
CCCCC/C=C/C(=O)[C@H](CC1=CC=C(O)C(OC)=C1)C1=CC(C2=CC=C(N)N=C2)=C2C=CC(O)=CC2=C1,,,Shikimates and Phenylpropanoids,6.04,7.29,5.43,6.98,6.56,7.29,6.19,5.86,5.77,7.35,7.31,7.35,5,35.47,True,False,510.63400000000024,0.0,35.47
COC1=CC(C(CC(=O)NCC2=CC=CC3=C2C=CN3)C2=C(O)[C@@]3(OC4=C(Cl)C(OC)=CC(OC)=C4C3=O)[C@H](C)CC2=O)=CC=C1O,STL551987,,,6.66,7.64,5.42,7.12,6.65,5.76,5.87,5.76,5.2,7.36,7.37,7.64,5,35.43,True,False,661.1070000000003,0.0,35.43
CC[C@H](O)COC1=CC(O)=CC2=C1C(=O)C(O)=C(C1=CC=C(O)C(CC3=CC=CC(O)=C3)=C1)O2,,,Shikimates and Phenylpropanoids,6.58,7.81,5.0,6.63,5.54,7.19,6.01,5.55,5.08,7.22,7.41,7.81,5,35.43,True,False,464.4700000000002,0.0,35.43
CC(C)OC1=CC(O)=CC2=C1C(=O)C(O)=C(C1=CC=C(O)C(CC3=CC=CC=C3)=C1)O2,,,Shikimates and Phenylpropanoids,6.58,7.68,5.06,6.65,5.42,7.41,5.82,5.44,5.04,7.1,7.4,7.68,5,35.42,True,False,418.4450000000001,0.0,35.42
COC(=O)CC(C1=CC2=CC=C(OC)C=C2NC1=O)C1=C(O)C=CC2=C1OC=C(C1=CC=C(O)C=C1)C2=O,STL540635,,Shikimates and Phenylpropanoids,6.58,7.6,5.38,6.55,5.63,7.31,5.99,5.45,5.28,7.38,7.43,7.6,5,35.42,True,False,513.5020000000003,0.0,35.42
COC1=CC=CC=C1CN1C(=O)[C@@H]2C(C(C)O)NC3(C(O)=NC4=CC=C(Cl)C=C43)[C@@H]2C1=O,NPD12220,,Alkaloids,6.77,7.39,5.46,7.17,5.6,7.25,5.6,5.69,5.42,6.82,7.27,7.39,5,35.4,True,False,455.89800000000014,0.0,35.4
COC(=O)CC(C1=COC2=CC=C(OC)C=C2C1=O)C1=C(O)C=CC2=C1OC=C(C1=CC=C(O)C=C1)C2=O,methyl 3-(7-hydroxy-3-(4-hydroxyphenyl)-4-oxo-4H-chromen-8-yl)-3-(6-methoxy-4-oxo-4H-chromen-3-yl)propanoate,,Shikimates and Phenylpropanoids,6.56,7.56,5.25,6.71,5.56,7.39,6.02,5.28,5.23,7.15,7.37,7.56,5,35.37,True,False,514.4860000000002,0.0,35.37
COC1=CC(C(CC(=O)NCCC2=CSC(C3=CC=CN=C3)=N2)C2=C(O)[C@@]3(OC4=C(Cl)C(OC)=CC(OC)=C4C3=O)[C@H](C)CC2=O)=CC=C1O,STL551621,,Alkaloids,6.7,8.14,5.66,6.86,6.58,5.98,5.71,5.77,5.32,7.09,7.36,8.14,5,35.37,True,False,720.2,0.0,35.37
COC(=O)CC(C1=CC(OC)=C2OCOC2=C1)C1=C(O)C=CC2=C1OC=C(C1=CC=C(O)C=C1)C2=O,STL540976,,Shikimates and Phenylpropanoids,6.53,7.77,5.22,6.56,5.67,7.39,5.88,5.47,5.23,7.11,7.42,7.77,5,35.36,True,False,490.4640000000002,0.0,35.36
CNCO[C@@H]1CC2=C3C[C@H]4C5=C(C=C(CNC)[C@@H]4C4=CC6=CCN=C6C=C4)C(O)=CC=C5C3=C3O[C@@H](CO)CCC3=C2O[C@@H]1C1=CC=C(O)C(OCCO)=C1,,,,6.01,7.22,5.47,6.61,5.53,5.73,6.62,7.08,5.26,7.83,7.38,7.83,5,35.36,True,False,745.873,0.0,35.36
COC1=C(Cl)C=C(C[C@H]2NC(=O)/C=C\C[C@@H]([C@H](C)[C@H]3O[C@@H]3C3=CC=CC=C3)OC(=O)[C@H](CC(C)C)OC(=O)CCNC2=O)C=C1Cl,,Nostoc sp. GSV 224,Amino acids and Peptides,6.57,7.4,6.36,6.55,5.56,5.5,5.1,6.5,5.12,6.65,6.87,7.4,5,33.67,True,False,675.606,1.0,35.35
COC1=C(Cl)C=C(C[C@H]2NC(=O)/C=C/C[C@@H]([C@H](C)[C@H]3O[C@@H]3C3=CC=CC=C3)OC(=O)[C@H](CC(C)C)OC(=O)CCNC2=O)C=C1Cl,Cryptophycin 326,Nostoc|Nostoc sp. GSV224,Amino acids and Peptides,6.57,7.4,6.36,6.55,5.56,5.5,5.1,6.5,5.12,6.65,6.87,7.4,5,33.67,True,False,675.606,1.0,35.35
COC(=O)C[C@@H](C1=CC=CN=C1)C1=C(O)C(=O)C=C(CSC2=CC=CC=C2OC)O1,,,Alkaloids,6.54,8.17,5.26,7.16,6.57,6.09,5.66,5.43,5.48,6.9,7.41,8.17,5,35.34,True,False,427.4780000000002,0.0,35.34
COC(=O)C[C@H](C1=CC=CN=C1)C1=C(O)C(=O)C=C(CSC2=CC=CC=C2OC)O1,,,Alkaloids,6.54,8.17,5.26,7.16,6.57,6.09,5.66,5.43,5.48,6.9,7.41,8.17,5,35.34,True,False,427.4780000000002,0.0,35.34
CCC1=NC=C(C2=CC=CC(CCC3=C(O)C(OC)=C(OCCC4(O)CCCC4)C4=C3[O+]=C(C3=CC=C(O)C=C3)[CH-]C4=O)=C2)C1,"8-{2-[3-(2-ethyl-3H-pyrrol-3-id-4-yl)phenyl]ethyl}-7-hydroxy-5-[2-(1-hydroxycyclopentyl)ethoxy]-2-(4-hydroxyphenyl)-6-methoxy-4-oxo-3,4-dihydro-1??-benzopyran-1-ylium-3-ide",,Shikimates and Phenylpropanoids,6.93,7.75,5.51,6.55,5.44,7.31,6.24,5.79,5.19,6.79,7.33,7.75,5,35.33,True,False,609.7190000000004,0.0,35.33
COC1=C(O)C(CCC2=CC=CC(C3=CN=C(C4(C)CCCC4)C3)=C2)=C2[O+]=C(C3=CC=C(O)C=C3)[CH-]C(=O)C2=C1O,"5,7-dihydroxy-2-(4-hydroxyphenyl)-6-methoxy-8-(2-{3-[2-(1-methylcyclopentyl)-3H-pyrrol-3-id-4-yl]phenyl}ethyl)-4-oxo-3,4-dihydro-1??-benzopyran-1-ylium-3-ide",,Shikimates and Phenylpropanoids,7.02,7.67,5.55,6.55,5.39,7.26,6.04,6.45,5.24,6.83,7.32,7.67,5,35.33,True,False,551.6390000000005,0.0,35.33
COC1=CC(OC)=C2C(=O)[C@@]3(OC2=C1Cl)C(O)=C(C(CC(=O)NCC1=CC=C(O)C(Cl)=C1)C1=CC(OC)=C(OC)C(OC)=C1)C(=O)C[C@H]3C,,,Polyketides,6.7,7.67,6.26,6.96,6.62,5.82,5.75,5.82,5.25,7.37,7.33,7.67,5,35.32,True,False,716.5670000000001,0.0,35.32
COC(=O)CC(C1=CC=C(O)C(OC)=C1)C1=C(CC2=CC=C3OCCC3=C2)NNC1=O,STL541400,,Alkaloids,6.52,7.77,5.15,6.92,5.65,7.03,5.85,5.37,5.18,7.08,7.29,7.77,5,35.32,True,False,424.45300000000015,0.0,35.32
CCC(CC)C(=O)N1CC[C@H]2CC(=O)NC3=CC(C4=CC=CN=C4)=CC=C3OCC[C@H]2C1,,,Alkaloids,6.59,8.1,7.14,6.7,5.83,6.77,5.51,5.66,5.48,6.09,7.34,8.1,5,35.3,True,False,435.5680000000002,0.0,35.3
COC1=C(Cl)C=C(C[C@H]2NC(=O)/C=C/C[C@@H]([C@H](C)[C@H]3O[C@@H]3C3=CC=CC=C3)OC(=O)[C@H](CC(C)C)OC(=O)[C@H](C)CNC2=O)C=C1Cl,Cryptophycin 31,Nostoc,Amino acids and Peptides,6.56,7.36,6.36,6.57,5.77,5.91,5.09,6.5,5.15,6.62,6.85,7.36,5,33.61,True,False,689.633,1.0,35.29
COC1=C(Cl)C=C(C[C@H]2NC(=O)/C=C\C[C@@H]([C@H](C)[C@H]3O[C@@H]3C3=CC=CC=C3)OC(=O)[C@H](CC(C)C)OC(=O)[C@H](C)CNC2=O)C=C1Cl,Cryptophycin-31,Nostoc sp. GSV 224,Amino acids and Peptides,6.56,7.36,6.36,6.57,5.77,5.91,5.09,6.5,5.15,6.62,6.85,7.36,5,33.61,True,False,689.633,1.0,35.29
COC(=O)CC(C1=CC=C(SC)C=C1)C1=C(O)C=CC2=C1OC=C(C1=CC=C(O)C=C1)C2=O,STL541598,,Shikimates and Phenylpropanoids,6.51,7.78,5.37,6.53,5.61,7.34,5.88,5.4,5.13,7.1,7.41,7.78,5,35.26,True,False,462.5230000000002,0.0,35.26
COC(=O)CC(C1=CC(OC)=C(OC)C(OC)=C1)C1=C(O)C=CC2=C1OC=C(C1=CC=C(O)C=C1)C2=O,"methyl 3-(7-hydroxy-3-(4-hydroxyphenyl)-4-oxo-4H-chromen-8-yl)-3-(3,4,5-trimethoxyphenyl)propanoate",,Shikimates and Phenylpropanoids,6.51,7.75,5.24,6.53,5.59,7.4,5.94,5.36,5.16,7.06,7.4,7.75,5,35.25,True,False,506.50700000000023,0.0,35.25
COC(=O)CC(C1=CC=C(OC)C(O)=C1)C1=C(O)C=CC2=C1OC=C(C1=CC=C(O)C=C1)C2=O,methyl 3-(7-hydroxy-3-(4-hydroxyphenyl)-4-oxo-4H-chromen-8-yl)-3-(3-hydroxy-4-methoxyphenyl)propanoate,,Shikimates and Phenylpropanoids,6.51,7.75,5.24,6.5,5.64,7.43,5.94,5.32,5.12,7.06,7.41,7.75,5,35.25,True,False,462.4540000000002,0.0,35.25
CC[C@H]1C=C[C@@H]([C@@H](O)C=C(C)C)OC(=O)/C(C)=C\C/C(O)=N\C2=CC(O)=CC3=C2O[C@@]2(CC1)CC(=O)[C@@H](C)C3O2,"(1~{S},4~{R},7~{S},10~{Z},13~{E},21~{S})-4-ethyl-13,17-dihydroxy-7-[(1~{S})-1-hydroxy-3-methyl-but-2-enyl]-10,21-dimethyl-8,24,26-trioxa-14-azatetracyclo[13.8.2.1^{1,20}.0^{19,25}]hexacosa-5,10,13,15,17,19(25)-hexaene-9,22-dione",Aegiceras corniculatum|Agaricus integer|Agaricus silvaticus|Ajuga bracteosa|Allium monspessulanum|Arbutus menziesii|Artemisia taurica|Bruguiera gymnorhiza|Buchenavia tetraphylla|Ceramium botryocarpum|Cereus chrysacanthus|Chromodoris obsoleta|Cinnamosma madagascariensis|Coeloseira pacifica|Daldinia concentrica|Echiochilon pauciflorum|Fumaria kraliki|Helichrysum nudifolium|Hyella caespitosa|Hypoxis nyasica|Isoberlinia angolensis|Justicia trinervia|Lepista irina|Macaranga sinensis|Mirabilis jalapa|Otostegia fruticosa|Paranephelius uniflorus|Pardachirus pavoninus|Periploca forrestii|Petalostemon purpureum|Plakinastrella clathrata|Podocarpus amarus|Potebniamyces gallicola|Pseudomonas chlororaphis|Ptilota pectinata|Rhododendron aureum|Saccharothrix mutabilis|Sipunculus nudus|Sonneratia alba|Sophora viciifolia|Stichopus horrens|Streptomyces atratus|Streptomyces caelestis|Tephroseris integrifolia|Teucrium orientale|Trichoderma citrinum|Ulva prolifera|Umbilicaria cinereorufescens|Veltheimia viridifolia|Xylopia aethiopica,Amino acids and Peptides,7.04,7.63,4.56,6.07,7.02,5.18,5.58,6.75,5.05,6.81,7.23,7.63,5,35.25,True,False,553.6520000000004,0.0,35.25
COC1=CC(OC)=C2C(=O)[C@@]3(OC2=C1Cl)C(=O)C=C(NC1=CC(C2=NN(C(C)C)N=N2)=CC=C1O)C[C@H]3C,STL549898,,,6.75,7.34,5.47,6.56,6.34,7.66,5.59,5.74,5.39,6.93,7.31,7.66,5,35.24,True,False,539.9760000000002,0.0,35.24
CCC1=CC=CC=C1/C=C/C[C@H](C)CCNC[C@]1(O)[C@H](OC2=CC=C3C(=O)C(C4=CC=C(O)C=C4)=COC3=C2)O[C@H](C(=O)O)[C@@H](O)[C@@H]1O,,,Shikimates and Phenylpropanoids,6.8,7.67,5.87,6.83,6.33,7.43,5.9,5.58,5.24,6.51,7.31,7.67,5,35.24,True,False,659.7320000000004,0.0,35.24
COC(=O)CC(C1=CC=C(C(C)C)C=C1)C1=C(O)C=CC2=C1OC=C(C1=CC=C(O)C=C1)C2=O,STL540902,,Shikimates and Phenylpropanoids,6.51,7.69,5.37,6.53,5.6,7.37,5.87,5.4,5.17,7.14,7.4,7.69,5,35.24,True,False,458.5100000000002,0.0,35.24
COC(=O)CC(C1=CC=C(OC)C(OC)=C1)C1=C(O)C=CC2=C1OC=C(C1=CC=C(O)C=C1)C2=O,"methyl 3-(3,4-dimethoxyphenyl)-3-(7-hydroxy-3-(4-hydroxyphenyl)-4-oxo-4H-chromen-8-yl)propanoate",,Shikimates and Phenylpropanoids,6.51,7.76,5.24,6.5,5.63,7.4,5.93,5.28,5.15,7.06,7.41,7.76,5,35.23,True,False,476.48100000000017,0.0,35.23
COC1=C(O)C(CC2=CNC=C2)=C2OC(C3=CC=C(O)C=C3)=CC(=O)C2=C1OCC[C@@H](O)/C=C/C1=CC=CC=C1,,,Shikimates and Phenylpropanoids,6.5,7.66,5.11,6.73,5.39,7.34,5.91,5.91,5.09,6.99,7.33,7.66,5,35.22,True,False,539.5840000000003,0.0,35.22
CNCC1=C(N)N=C2C3=C1C#C[C@H](C)CCC[C@@H](C[C@H](O)CCC1=CC=C(O)C(=C1)OCC1=CC(C4(C5=CC=CC=C5)CCOCC4)=CC4=CN2C=C14)OC3,"(19~{R},21~{S},25~{R})-30-amino-25-methyl-29-(methylaminomethyl)-7-(4-phenyltetrahydropyran-4-yl)-11,34-dioxa-2,31-diazahexacyclo[19.10.3.1^{2,5}.1^{12,16}.0^{4,9}.0^{28,32}]hexatriaconta-1(31),3,5(36),6,8,12(35),13,15,28(32),29-decaen-26-yne-13,19-diol",,Alkaloids,6.92,7.58,5.89,6.67,5.67,5.24,5.97,6.95,5.13,7.09,7.21,7.58,5,35.21,True,False,740.9449999999999,0.0,35.21
CC(C)(O)C(O)COC1=CC=C(C2=C(CC3=CC=CC=C3)C(O)=NC2=O)C=C1,"4-benzyl-3-[4-(2,3-dihydroxy-3-methylbutoxy)phenyl]-5-hydroxypyrrol-2-one",,Shikimates and Phenylpropanoids,6.71,7.76,5.45,6.54,5.5,7.19,6.02,5.82,5.12,7.01,7.32,7.76,5,35.21,True,False,381.42800000000005,0.0,35.21
COC(=O)CC(C1=CC=C(OC(C)C)C(OC)=C1)C1=C(O)C=CC2=C1OC=C(C1=CC=C(O)C=C1)C2=O,STL540508,,Shikimates and Phenylpropanoids,6.53,7.65,5.25,6.51,5.54,7.45,5.88,5.47,5.15,7.06,7.39,7.65,5,35.2,True,False,504.53500000000025,0.0,35.2
COC(=O)CC(C1=CC=C(OC)C(OC(C)C)=C1)C1=C(O)C=CC2=C1OC=C(C1=CC=C(O)C=C1)C2=O,STL540512,,Shikimates and Phenylpropanoids,6.53,7.65,5.25,6.51,5.55,7.45,5.88,5.42,5.15,7.06,7.39,7.65,5,35.2,True,False,504.53500000000025,0.0,35.2
CC(=O)N[C@@H](CC1=CC=C(OCC(=O)O)C(P(=O)(O)O)=C1)C(=O)N[C@H]1CCCCN(CC2=CC=C(C3=CC=CC=C3)C=C2)C1=O,RU85493,,Amino acids and Peptides,5.69,7.99,5.64,6.68,6.08,7.22,5.87,6.76,5.38,6.54,7.32,7.99,5,35.19,True,False,637.6260000000003,0.0,35.19
COC(=O)CC(C1=CC=C(OC)C(OC)=C1OC)C1=C(O)C=CC2=C1OC=C(C1=CC=C(O)C=C1)C2=O,"methyl 3-(7-hydroxy-3-(4-hydroxyphenyl)-4-oxo-4H-chromen-8-yl)-3-(2,3,4-trimethoxyphenyl)propanoate",,Shikimates and Phenylpropanoids,6.51,7.73,5.27,6.53,5.55,7.35,5.88,5.37,5.22,7.06,7.38,7.73,5,35.18,True,False,506.50700000000023,0.0,35.18
COC1=CC=CC=C1CN1C(=O)[C@@H]2C(C(C)O)NC3(C(O)=NC4=C(C)C=CC=C43)[C@@H]2C1=O,NPD4268,,Alkaloids,6.81,7.34,5.49,7.07,5.53,7.15,5.62,5.73,5.28,6.81,7.19,7.34,5,35.18,True,False,435.4800000000002,0.0,35.18
CCC1=NC(N2CCNCC2)=C(C2=CC=CC(CCC3=C(O)C(OC)=C(OCCC(O)/C=C/C4=CC=CC=C4)C4=C3[O+]=C(C3=CC=C(O)C=C3)CC4=O)=C2)[CH-]1,,,,6.51,7.73,5.59,6.79,5.45,7.19,6.12,5.84,5.16,6.96,7.29,7.73,5,35.18,True,False,741.8850000000002,0.0,35.18
CCC1=NC(N2CCNCC2)=C(C2=CC=CC(CCC3=C(O)C(OC)=C(OCC[C@@H](O)/C=C/C4=CC=CC=C4)C4=C3[O+]=C(C3=CC=C(O)C=C3)CC4=O)=C2)[CH-]1,"8-(2-{3-[2-ethyl-5-(piperazin-1-yl)-3H-pyrrol-3-id-4-yl]phenyl}ethyl)-7-hydroxy-5-{[(4E)-3-hydroxy-5-phenylpent-4-en-1-yl]oxy}-2-(4-hydroxyphenyl)-6-methoxy-4-oxo-3,4-dihydro-1??-benzopyran-1-ylium-3-ide",,,6.51,7.73,5.59,6.79,5.45,7.19,6.12,5.84,5.16,6.96,7.29,7.73,5,35.18,True,False,741.8850000000002,0.0,35.18
COC1=CC=C(N2N=C(C)C3=C2C=C2OC4=C(C5=CC=C6C(=O)NC(=O)N(CCC(C)C)C6=N5)C(O)=C(C)C(O)=C4[C@@]2(C)C3=O)C=C1,,,Alkaloids,6.71,7.25,5.83,6.58,7.05,5.63,5.9,6.37,5.17,7.58,7.29,7.58,5,35.17,True,False,635.6770000000002,0.0,35.17
COC(=O)CC(C1=CC=C(OC)C=C1OC)C1=C(O)C=CC2=C1OC=C(C1=CC=C(O)C=C1)C2=O,"methyl 3-(2,4-dimethoxyphenyl)-3-(7-hydroxy-3-(4-hydroxyphenyl)-4-oxo-4H-chromen-8-yl)propanoate",,Shikimates and Phenylpropanoids,6.55,7.59,5.23,6.51,5.57,7.39,6.0,5.34,5.23,7.12,7.37,7.59,5,35.16,True,False,476.48100000000017,0.0,35.16
COC1=CC(C(CC(=O)N2CCOCC2)C2=C(O)[C@@]3(OC4=C(Cl)C(OC)=CC(OC)=C4C3=O)[C@H](C)CC2=O)=CC=C1O,STL552405,,Polyketides,6.77,7.64,6.06,6.89,6.74,5.85,5.57,5.8,5.14,7.09,7.21,7.64,5,35.13,True,False,602.0360000000003,0.0,35.13
COC1=CC(OC)=C2C(=O)[C@@]3(OC2=C1Cl)C(O)=C(C(CC(=O)NCCC1=CSC(C2=CC=CN=C2)=N1)C1=CC=C(SC)C=C1)C(=O)C[C@H]3C,STL551689,,Alkaloids,6.7,8.15,5.81,6.91,6.56,6.06,5.69,5.78,5.32,6.8,7.29,8.15,5,35.12,True,False,720.2690000000001,0.0,35.12
CCCCC[C@H](C)[C@H](CC[C@H](O)C[C@@H](CCC1=CC=C(O)C(OC)=C1)OC(C)=O)CNC(=N)NC,"[(3R,5S,8S,9S)-5-hydroxy-1-(4-hydroxy-3-methoxyphenyl)-9-methyl-8-[[(N-methylcarbamimidoyl)amino]methyl]tetradecan-3-yl] acetate",,,5.99,6.97,5.13,7.48,6.58,6.51,6.05,5.86,5.67,7.57,7.34,7.57,5,35.11,True,False,493.6890000000002,0.0,35.11
COC1=C(OCCC2=CC=CC=C2)C(CC2=CN=CC2)=C2[O+]=C(C3=CC=C(O)C=C3)[CH-]C(=O)C2=C1O,"5-hydroxy-2-(4-hydroxyphenyl)-6-methoxy-4-oxo-7-(2-phenylethoxy)-8-[(3H-pyrrol-3-id-4-yl)methyl]-3,4-dihydro-1??-benzopyran-1-ylium-3-ide",,Shikimates and Phenylpropanoids,6.5,7.81,5.34,6.56,6.09,7.44,6.08,5.53,5.17,6.79,7.35,7.81,5,35.1,True,False,483.52000000000027,0.0,35.1
CC[C@H]1/C=C/[C@H](O)[C@H](C=C(C)C)OC(=O)[C@@]2(C)C=CC(O)=NC3=C2C(C)=C2C(=C(O)C(C)=CC2=C3C)C(=O)CC1,"(9~{R},10~{E},12~{S},13~{S},16~{S})-9-ethyl-4,12,19-trihydroxy-3,16,23,25-tetramethyl-13-(2-methylprop-1-enyl)-14-oxa-20-azatetracyclo[19.3.1.0^{5,24}.0^{16,22}]pentacosa-1(25),2,4,10,17,19,21,23-octaene-6,15-dione",Aegiceras corniculatum|Agaricus integer|Agaricus silvaticus|Ajuga bracteosa|Allium monspessulanum|Arbutus menziesii|Artemisia taurica|Bruguiera gymnorhiza|Buchenavia tetraphylla|Ceramium botryocarpum|Cereus chrysacanthus|Chromodoris obsoleta|Cinnamosma madagascariensis|Coeloseira pacifica|Daldinia concentrica|Echiochilon pauciflorum|Fumaria kraliki|Helichrysum nudifolium|Hyella caespitosa|Hypoxis nyasica|Isoberlinia angolensis|Justicia trinervia|Lepista irina|Macaranga sinensis|Mirabilis jalapa|Otostegia fruticosa|Paranephelius uniflorus|Pardachirus pavoninus|Periploca forrestii|Petalostemon purpureum|Plakinastrella clathrata|Podocarpus amarus|Potebniamyces gallicola|Pseudomonas chlororaphis|Ptilota pectinata|Rhododendron aureum|Saccharothrix mutabilis|Sipunculus nudus|Sonneratia alba|Sophora viciifolia|Stichopus horrens|Streptomyces atratus|Streptomyces caelestis|Tephroseris integrifolia|Teucrium orientale|Trichoderma citrinum|Ulva prolifera|Umbilicaria cinereorufescens|Veltheimia viridifolia|Xylopia aethiopica,Polyketides,6.53,7.93,4.43,5.73,7.0,5.24,5.79,6.63,5.06,7.0,7.31,7.93,5,35.09,True,False,545.6760000000002,0.0,35.09
COC1=CC(C(CC(=O)NCCO)C2=C(O)[C@@]3(OC4=C(Cl)C(OC)=CC(OC)=C4C3=O)[C@H](C)CC2=O)=CC=C1O,STL551905,,Polyketides,6.72,7.66,5.42,6.55,6.62,5.77,5.63,5.94,5.15,7.54,7.31,7.66,5,35.09,True,False,575.9980000000004,0.0,35.09
COC1=CC(C(CC(=O)NCCCO)C2=C(O)[C@@]3(OC4=C(Cl)C(OC)=CC(OC)=C4C3=O)[C@H](C)CC2=O)=CC=C1O,STL552020,,Polyketides,6.71,7.67,5.41,6.56,6.61,5.76,5.63,5.67,5.29,7.53,7.3,7.67,5,35.08,True,False,590.0250000000004,0.0,35.08
COC1=C(O)C(CC2=CN=CC2)=C2[O+]=C(C3=CC=C(O)C=C3)[CH-]C(=O)C2=C1OCC[C@@H](O)/C=C/C1=CC=CC=C1,"7-hydroxy-5-{[(4E)-3-hydroxy-5-phenylpent-4-en-1-yl]oxy}-2-(4-hydroxyphenyl)-6-methoxy-4-oxo-8-[(3H-pyrrol-3-id-4-yl)methyl]-3,4-dihydro-1??-benzopyran-1-ylium-3-ide",,Shikimates and Phenylpropanoids,6.54,7.72,5.39,6.56,6.07,7.31,5.85,5.59,5.13,6.95,7.33,7.72,5,35.08,True,False,539.5840000000003,0.0,35.08
COC1=C(O)C(CC2=CN=CC2)=C2[O+]=C(C3=CC=C(O)C=C3)[CH-]C(=O)C2=C1OCCC(O)/C=C/C1=CC=CC=C1,,,Shikimates and Phenylpropanoids,6.54,7.72,5.39,6.56,6.07,7.31,5.85,5.59,5.13,6.95,7.33,7.72,5,35.08,True,False,539.5840000000003,0.0,35.08
CNC(=N)NC[C@H](CC[C@H](O)C[C@@H](CCC1=CC=C(O)C(OC)=C1)OC(C)=O)[C@H](C)O,"[(3R,5S,8S,9S)-5,9-dihydroxy-1-(4-hydroxy-3-methoxyphenyl)-8-[[(N-methylcarbamimidoyl)amino]methyl]decan-3-yl] acetate",,,5.94,7.0,5.15,7.46,6.56,6.53,6.04,5.8,5.37,7.53,7.33,7.53,5,35.08,True,False,439.5530000000002,0.0,35.08
CC(=O)C1=C(O)C(C)=C(O)C2=C1OC1=CC(=O)/C(=C(/C)NC3=CC=C(CC4=NOC(C(C)C)=N4)C=C3)C(=O)[C@@]12C,STL550003,,Polyketides,6.69,7.68,5.82,6.91,6.45,5.17,5.87,6.6,5.14,7.2,7.26,7.68,5,35.08,True,False,543.5760000000001,0.0,35.08
N[C@H](CC1=CC=CC=C1)C(=O)OC1=CC(O)=C2C(=O)C(C3=CC=C4OCCCOC4=C3)=COC2=C1,,,Shikimates and Phenylpropanoids,6.53,7.83,5.18,6.72,5.58,7.31,5.85,5.63,5.23,6.68,7.29,7.83,5,35.07,True,False,473.4810000000003,0.0,35.07
COC1=CC(OC)=C2C(=O)[C@@]3(OC2=C1Cl)C(O)=C(C(CC(=O)NCC1=CC=CC2=C1C=CN2)C1=CC=C2OCOC2=C1)C(=O)C[C@H]3C,STL551796,,,6.67,7.67,5.4,7.15,6.67,5.91,5.73,5.76,5.26,6.9,7.24,7.67,5,35.06,True,False,659.0910000000001,0.0,35.06
COC1=CC=C(CCN2C(=O)NC(=O)C3=CC=C(C4=C(O)C(C)=C(O)C5=C4OC4=CC6=C(C(=O)[C@@]45C)C(C)=NN6C4=CC=C(OC)C=C4)N=C32)C=C1,,,Alkaloids,6.39,7.35,5.84,6.66,7.01,5.81,6.05,6.5,5.2,7.54,7.3,7.54,5,35.06,True,False,699.7200000000001,0.0,35.06
COC1=CC(C2=C(O[C@@H]3O[C@@H](C(C)O)[C@@H](O)[C@H]3O)C(=O)C3=C(O)C=C(O)C=C3O2)=CC=C1O,,,Shikimates and Phenylpropanoids,6.57,7.53,5.09,6.29,5.32,7.45,6.58,5.34,5.11,6.93,7.3,7.53,5,35.06,True,False,462.4070000000002,0.0,35.06
COC1=CC(C2=C(O[C@@H]3O[C@@H]([C@H](C)O)[C@@H](O)[C@H]3O)C(=O)C3=C(O)C=C(O)C=C3O2)=CC=C1O,,,Shikimates and Phenylpropanoids,6.57,7.53,5.09,6.29,5.32,7.45,6.58,5.34,5.11,6.93,7.3,7.53,5,35.06,True,False,462.4070000000002,0.0,35.06
CC(=O)C1=C(O)C(C)=C(O)C2=C1OC1=CC(=O)/C(=C(/C)NC3=CC=C4NC(C5=CC=CN=C5)=NC4=C3)C(=O)[C@@]12C,"(2E,9bR)-6-acetyl-7,9-dihydroxy-8,9b-dimethyl-2-[1-[(2-pyridin-3-yl-1H-benzimidazol-5-yl)amino]ethylidene]dibenzofuran-1,3-dione",,Alkaloids,6.53,8.1,5.84,6.32,6.56,5.66,6.24,6.51,5.29,7.36,7.34,8.1,5,35.06,True,False,536.5440000000001,0.0,35.06
COC1=CC=C2C(=C1)C=C(C1CC(=O)OC3=CC=C4C(=O)C(C5=CC=C(O)C=C5)=COC4=C31)C(=O)N2CC(C)C,STL545449,,Shikimates and Phenylpropanoids,6.67,7.31,5.81,7.06,5.58,7.48,5.79,6.53,5.32,6.47,7.28,7.48,5,35.05,True,False,537.5680000000002,0.0,35.05
CC1(C)C=CC2=C(C=C(O)C3=C2OC2=CC=C(O)C(C[C@@H](O)C(C)(C)O)=C2C3=O)O1,,,Shikimates and Phenylpropanoids,6.87,7.66,5.08,6.73,6.57,5.89,5.69,5.5,5.13,7.22,7.25,7.66,5,35.05,True,False,412.4380000000002,0.0,35.05
