molecule_id,canonical_smiles,inchikey,scaffold,pActivity,n_records,activity_ids,document_id,document_year,qc_flags,excluded,exclusion_reason
CHEMBL3617741,CC1(C)N=C(c2ccc(-c3ccc4[nH]ccc4c3)cc2)N(C[C@@H]2CCN(C(=O)C3CC3)C2)C1=O,YUWNTCLBUZQGFQ-GOSISDBHSA-N,O=C(C1CC1)N1CCC(CN2C(=O)CN=C2c2ccc(-c3ccc4[nH]ccc4c3)cc2)C1,7.319664486585437,1,26833957,CHEMBL5725564,2017,,False,
CHEMBL3617742,CC1(C)N=C(c2ccc(-c3ccc4cccnc4c3)cc2)N(C[C@@H]2CCN(C(=O)C3CC3)C2)C1=O,YIALDVKIZRKENL-LJQANCHMSA-N,O=C(C1CC1)N1CCC(CN2C(=O)CN=C2c2ccc(-c3ccc4cccnc4c3)cc2)C1,7.250263684430939,1,26834023,CHEMBL5725564,2017,,False,
CHEMBL3617743,CC1(C)N=C(c2ccc(-c3ccc4cccc(F)c4c3)cc2)N(CC2CN(C(=O)C3CC3)C2)C1=O,JBJNFIPNVKPXEA-UHFFFAOYSA-N,O=C(C1CC1)N1CC(CN2C(=O)CN=C2c2ccc(-c3ccc4ccccc4c3)cc2)C1,6.749579997691106,1,26834074,CHEMBL5725564,2017,,False,
CHEMBL3617744,Cn1ncc2cc(-c3ccc(C4=NC(C)(C)C(=O)N4C[C@@H]4CCN(C(=O)C5CC5)C4)c(F)c3)ccc21,HUYQXQKANYTHPW-QGZVFWFLSA-N,O=C(C1CC1)N1CCC(CN2C(=O)CN=C2c2ccc(-c3ccc4[nH]ncc4c3)cc2)C1,7.0301183562535,1,26834113,CHEMBL5725564,2017,,False,
CHEMBL3617745,CC1(C)N=C(c2ccc(-c3nc4ccccc4[nH]3)cc2)N(C[C@@H]2CCN(C(=O)C3CC3)C2)C1=O,HNKOYAPWTRZUNN-QGZVFWFLSA-N,O=C(C1CC1)N1CCC(CN2C(=O)CN=C2c2ccc(-c3nc4ccccc4[nH]3)cc2)C1,5.230032198670558,1,26834167,CHEMBL5725564,2017,,False,
CHEMBL3617746,Cn1cc(-c2ccc(-c3ccc(C4=NC(C)(C)C(=O)N4C[C@@H]4CCN(C(=O)C5(O)CC5)C4)c(F)c3)cc2)cn1,PXRDSWCMKCLNIA-LJQANCHMSA-N,O=C(C1CC1)N1CCC(CN2C(=O)CN=C2c2ccc(-c3ccc(-c4cn[nH]c4)cc3)cc2)C1,7.519993057042849,1,26834239,CHEMBL5725564,2017,,False,
CHEMBL3623462,CC1(C)N=C(c2ccc(-c3c[nH]c4ccccc34)cc2)N(C[C@@H]2CCN(C(=O)C3CC3)C2)C1=O,LRPAHVDIDTWWBL-GOSISDBHSA-N,O=C(C1CC1)N1CCC(CN2C(=O)CN=C2c2ccc(-c3c[nH]c4ccccc34)cc2)C1,6.640164517660112,1,26834149,CHEMBL5725564,2017,,False,
CHEMBL4126610,Cn1ncc2cc(-c3ccc(C4=NC(C)(C)C(=O)N4C[C@@H]4CCN(C(=O)C5CC5)C4)cc3)ccc21,DECUYALVQMJPQR-GOSISDBHSA-N,O=C(C1CC1)N1CCC(CN2C(=O)CN=C2c2ccc(-c3ccc4[nH]ncc4c3)cc2)C1,6.85078088734462,1,26833960,CHEMBL5725564,2017,,False,
CHEMBL4127768,Cn1ncc2cc(-c3ccc(C4=NC(C)(c5ccccc5)C(=O)N4C[C@@H]4CCN(C(=O)C5CC5)C4)cc3)ccc21,WJTQIMFAFSZXSH-LWMFVPLKSA-N,O=C(C1CC1)N1CCC(CN2C(=O)C(c3ccccc3)N=C2c2ccc(-c3ccc4[nH]ncc4c3)cc2)C1,6.790484985457369,1,26833972,CHEMBL5725564,2017,,False,
CHEMBL4127995,COCC1(C)N=C(c2ccc(-c3ccc4c(cnn4C)c3)cc2)N(C[C@@H]2CCN(C(=O)C3CC3)C2)C1=O,SUCVQCGWVPTXCT-COBFLCELSA-N,O=C(C1CC1)N1CCC(CN2C(=O)CN=C2c2ccc(-c3ccc4[nH]ncc4c3)cc2)C1,6.309803919971486,1,26833984,CHEMBL5725564,2017,,False,
CHEMBL5749645,CC1(C)N=C(c2ccc(-c3ccc4cccnc4c3)cc2)N(CC2CN(C(=O)C3CC3)C2)C1=O,UWCBFYSPULHOQI-UHFFFAOYSA-N,O=C(C1CC1)N1CC(CN2C(=O)CN=C2c2ccc(-c3ccc4cccnc4c3)cc2)C1,6.690369832574102,1,26834026,CHEMBL5725564,2017,,False,
CHEMBL5750822,Cc1cc(-c2ccc(-c3cnn(C)c3)cc2)ccc1C1=NC(C)(C)C(=O)N1CC1CN(C(=O)C2(C)CC2)C1,LMNYQWFQBUBMCZ-UHFFFAOYSA-N,O=C(C1CC1)N1CC(CN2C(=O)CN=C2c2ccc(-c3ccc(-c4cn[nH]c4)cc3)cc2)C1,7.11975822410452,1,26834215,CHEMBL5725564,2017,,False,
CHEMBL5758153,CC1(C)N=C(c2ccc(-c3cnc4ccccc4c3)cc2F)N(CC2CN(C(=O)C3CC3)C2)C1=O,YNDSYDYLACXFLD-UHFFFAOYSA-N,O=C(C1CC1)N1CC(CN2C(=O)CN=C2c2ccc(-c3cnc4ccccc4c3)cc2)C1,5.700057099977233,1,26834014,CHEMBL5725564,2017,,False,
CHEMBL5759977,Cn1cc(-c2ccc(-c3ccc(C4=NC(C)(C)C(=O)N4CC4CN(C(=O)C5CC5)C4)c(F)c3)cc2)cn1,PUUIYIMOUIQTFI-UHFFFAOYSA-N,O=C(C1CC1)N1CC(CN2C(=O)CN=C2c2ccc(-c3ccc(-c4cn[nH]c4)cc3)cc2)C1,6.739928612014925,1,26834053,CHEMBL5725564,2017,,False,
CHEMBL5760930,CC1(C)N=C(c2ccc(-c3ccc4cccc(F)c4c3)cc2F)N(CC2CCN(C(=O)C3CC3)C2)C1=O,KXFRBKDPABQFCB-UHFFFAOYSA-N,O=C(C1CC1)N1CCC(CN2C(=O)CN=C2c2ccc(-c3ccc4ccccc4c3)cc2)C1,7.369572124974976,1,26834155,CHEMBL5725564,2017,,False,
CHEMBL5767579,CC1(C)N=C(c2ccc(-c3cccc4ncccc34)cc2F)N(C[C@@H]2CCN(C(=O)C3CC3)C2)C1=O,KOGHNKRWPQPMRM-GOSISDBHSA-N,O=C(C1CC1)N1CCC(CN2C(=O)CN=C2c2ccc(-c3cccc4ncccc34)cc2)C1,6.779891911959945,1,26834095,CHEMBL5725564,2017,,False,
CHEMBL5768401,CC1(C)N=C(c2ccc(-c3ccc4occc4c3)cc2)N(C[C@@H]2CCN(C(=O)C3(F)CC3)C2)C1=O,WMROZNLWGAMUTF-GOSISDBHSA-N,O=C(C1CC1)N1CCC(CN2C(=O)CN=C2c2ccc(-c3ccc4occc4c3)cc2)C1,6.920818753952375,1,26833966,CHEMBL5725564,2017,,False,
CHEMBL5769493,CC1(C)N=C(c2ccc(-c3cnc4ccccc4c3)cc2)N(C[C@@H]2CCN(C(=O)C3CC3)C2)C1=O,IMDAKSPUVPLXRX-LJQANCHMSA-N,O=C(C1CC1)N1CCC(CN2C(=O)CN=C2c2ccc(-c3cnc4ccccc4c3)cc2)C1,6.149966742310231,1,26834029,CHEMBL5725564,2017,,False,
CHEMBL5777034,CC1(C)N=C(c2ccc(-c3nc4ccccc4o3)cc2F)N(C[C@@H]2CCN(C(=O)C3CC3)C2)C1=O,ZDYAAOLLGPLYFP-MRXNPFEDSA-N,O=C(C1CC1)N1CCC(CN2C(=O)CN=C2c2ccc(-c3nc4ccccc4o3)cc2)C1,6.718966632752273,1,26834107,CHEMBL5725564,2017,,False,
CHEMBL5779572,CC1(C)N=C(c2ccc(-c3nc4ccccc4[nH]3)cc2F)N(CC2CCN(C(=O)C3CC3)C2)C1=O,JVFUAFUYOBCWNJ-UHFFFAOYSA-N,O=C(C1CC1)N1CCC(CN2C(=O)CN=C2c2ccc(-c3nc4ccccc4[nH]3)cc2)C1,6.100179497572904,1,26834137,CHEMBL5725564,2017,,False,
CHEMBL5786448,CC1(C)N=C(c2ccc(-c3cnc4ccccc4c3)cc2)N(CC2CN(C(=O)C3CC3)C2)C1=O,RZAONALRRPMOGQ-UHFFFAOYSA-N,O=C(C1CC1)N1CC(CN2C(=O)CN=C2c2ccc(-c3cnc4ccccc4c3)cc2)C1,5.3799681048737025,1,26834011,CHEMBL5725564,2017,,False,
CHEMBL5788711,CC1(C(=O)N2CC(CN3C(=O)C(C)(C)N=C3c3ccc(-c4ccc5cc(F)ccc5c4)cc3F)C2)CC1,UDVYJDDXFMTKLM-UHFFFAOYSA-N,O=C(C1CC1)N1CC(CN2C(=O)CN=C2c2ccc(-c3ccc4ccccc4c3)cc2)C1,7.449771646944906,1,26834170,CHEMBL5725564,2017,,False,
CHEMBL5788930,Cc1cc(-c2ccc3c(c2)ncn3C)ccc1C1=NC(C)(C)C(=O)N1CC1CN(C(=O)C2(C)CC2)C1,HAWJURRJFRKFQT-UHFFFAOYSA-N,O=C(C1CC1)N1CC(CN2C(=O)CN=C2c2ccc(-c3ccc4[nH]cnc4c3)cc2)C1,6.991399828238082,1,26834203,CHEMBL5725564,2017,,False,
CHEMBL5791788,CC1(C)N=C(c2ccc(-c3ccc4cncnc4c3)cc2)N(C[C@@H]2CCN(C(=O)C3CC3)C2)C1=O,UGLQJUBYFKNJNY-GOSISDBHSA-N,O=C(C1CC1)N1CCC(CN2C(=O)CN=C2c2ccc(-c3ccc4cncnc4c3)cc2)C1,6.649751981665837,1,26834080,CHEMBL5725564,2017,,False,
CHEMBL5796900,CC1(C)N=C(c2ccc(-c3ccc4ncccc4c3)cc2F)N(CC2CN(C(=O)C3CC3)C2)C1=O,PRWVSYIWSONQHK-UHFFFAOYSA-N,O=C(C1CC1)N1CC(CN2C(=O)CN=C2c2ccc(-c3ccc4ncccc4c3)cc2)C1,5.0499760934766735,1,26834068,CHEMBL5725564,2017,,False,
CHEMBL5798983,Cn1cnc2cc(-c3ccc(C4=NC(C)(C)C(=O)N4CC4CN(C(=O)C5(C)CC5)C4)c(F)c3)ccc21,OAGMPNSSPHWEHF-UHFFFAOYSA-N,O=C(C1CC1)N1CC(CN2C(=O)CN=C2c2ccc(-c3ccc4[nH]cnc4c3)cc2)C1,7.0,1,26834233,CHEMBL5725564,2017,,False,
CHEMBL5802102,CC1(C)N=C(c2ccc(-c3ccc4cc(F)ccc4c3)cc2F)N(C[C@@H]2CCN(C(=O)C3(O)CC3)C2)C1=O,CNCVLLYPFZPUDC-GOSISDBHSA-N,O=C(C1CC1)N1CCC(CN2C(=O)CN=C2c2ccc(-c3ccc4ccccc4c3)cc2)C1,7.690369832574102,1,26834218,CHEMBL5725564,2017,,False,
CHEMBL5802991,CC1(C)N=C(c2ccc(-c3ccc4cccnc4c3)cc2F)N(CC2CN(C(=O)C3CC3)C2)C1=O,RAAINPHVPXDPQF-UHFFFAOYSA-N,O=C(C1CC1)N1CC(CN2C(=O)CN=C2c2ccc(-c3ccc4cccnc4c3)cc2)C1,7.050122295963125,1,26834071,CHEMBL5725564,2017,,False,
CHEMBL5803121,Cn1cc(-c2ccc(-c3ccc(C4=NC(C)(C)C(=O)N4CC4CN(C(=O)C5CC5)C4)cc3)cc2)cn1,GQZHMGCGINRREM-UHFFFAOYSA-N,O=C(C1CC1)N1CC(CN2C(=O)CN=C2c2ccc(-c3ccc(-c4cn[nH]c4)cc3)cc2)C1,6.259637310505756,1,26834005,CHEMBL5725564,2017,,False,
CHEMBL5811059,CC1(C)N=C(c2ccc(-c3cccc4ncccc34)cc2)N(C[C@@H]2CCN(C(=O)C3CC3)C2)C1=O,AJYWGWHCUICPJR-LJQANCHMSA-N,O=C(C1CC1)N1CCC(CN2C(=O)CN=C2c2ccc(-c3cccc4ncccc34)cc2)C1,6.718966632752273,1,26834047,CHEMBL5725564,2017,,False,
CHEMBL5822742,CC1(C)N=C(c2ccc(-c3ccc4cc(F)ccc4c3)cc2F)N(CC2CN(C(=O)C3CC3)C2)C1=O,FPKVHWOXZIIMSA-UHFFFAOYSA-N,O=C(C1CC1)N1CC(CN2C(=O)CN=C2c2ccc(-c3ccc4ccccc4c3)cc2)C1,7.549750891680639,1,26834116,CHEMBL5725564,2017,,False,
CHEMBL5824348,CC1(C)N=C(c2ccc(-c3ccc4cc(F)ccc4c3)cc2F)N(CC2CN(C(=O)C3(O)CC3)C2)C1=O,IBKLVZUKTDVKSI-UHFFFAOYSA-N,O=C(C1CC1)N1CC(CN2C(=O)CN=C2c2ccc(-c3ccc4ccccc4c3)cc2)C1,7.519993057042849,1,26834191,CHEMBL5725564,2017,,False,
CHEMBL5827707,Cc1cc(-c2ccc3cc(C#N)ccc3c2)ccc1C1=NC(C)(C)C(=O)N1CC1CN(C(=O)C2CC2)C1,QADDMTLRTHTBHI-UHFFFAOYSA-N,O=C(C1CC1)N1CC(CN2C(=O)CN=C2c2ccc(-c3ccc4ccccc4c3)cc2)C1,7.39040559077478,1,26834242,CHEMBL5725564,2017,,False,
CHEMBL5829181,Cn1cc(-c2ccc(-c3ccc(C4=NC(C)(C)C(=O)N4C[C@@H]4CCN(C(=O)C5CC5)C4)cc3)cc2)cn1,OWPJWOLCCOSQEG-HXUWFJFHSA-N,O=C(C1CC1)N1CCC(CN2C(=O)CN=C2c2ccc(-c3ccc(-c4cn[nH]c4)cc3)cc2)C1,6.991399828238082,1,26834002,CHEMBL5725564,2017,,False,
CHEMBL5838148,CC1(C)N=C(c2ccc(-c3ccc4ncccc4c3)cc2)N(C[C@@H]2CCN(C(=O)C3CC3)C2)C1=O,CAISCGRGRJGJKH-LJQANCHMSA-N,O=C(C1CC1)N1CCC(CN2C(=O)CN=C2c2ccc(-c3ccc4ncccc4c3)cc2)C1,5.669992299127241,1,26834146,CHEMBL5725564,2017,,False,
CHEMBL5839177,Cc1cc(-c2ccc(-c3cnn(C)c3)cc2)ccc1C1=NC(C)(C)C(=O)N1C[C@@H]1CCN(C(=O)C2(C)CC2)C1,ILDDEODBGKUQKG-JOCHJYFZSA-N,O=C(C1CC1)N1CCC(CN2C(=O)CN=C2c2ccc(-c3ccc(-c4cn[nH]c4)cc3)cc2)C1,7.270025714300444,1,26834206,CHEMBL5725564,2017,,False,
CHEMBL5845249,CC1(C)N=C(c2ccc(-c3n[nH]c4ccccc34)cc2F)N(CC2CCN(C(=O)C3CC3)C2)C1=O,UGLORWKDFHHYLQ-UHFFFAOYSA-N,O=C(C1CC1)N1CCC(CN2C(=O)CN=C2c2ccc(-c3n[nH]c4ccccc34)cc2)C1,6.480172006224281,1,26834125,CHEMBL5725564,2017,,False,
CHEMBL5855781,CC1(C)N=C(c2ccc(-c3ccc4cc(F)ccc4c3)cc2)N(C[C@@H]2CCN(C(=O)C3CC3)C2)C1=O,RHXDWBOULONODO-LJQANCHMSA-N,O=C(C1CC1)N1CCC(CN2C(=O)CN=C2c2ccc(-c3ccc4ccccc4c3)cc2)C1,7.259637310505756,1,26834044,CHEMBL5725564,2017,,False,
CHEMBL5858978,CC1(C)N=C(c2ccc(-c3ccc4cnccc4c3)cc2)N(C[C@@H]2CCN(C(=O)C3CC3)C2)C1=O,UQKHADLAOLBYIE-LJQANCHMSA-N,O=C(C1CC1)N1CCC(CN2C(=O)CN=C2c2ccc(-c3ccc4cnccc4c3)cc2)C1,7.229884705212898,1,26834038,CHEMBL5725564,2017,,False,
CHEMBL5860543,Cn1ncc2cc(-c3ccc(C4=NC(C)(C)C(=O)N4C[C@@H]4CCN(C(=O)C5(O)CC5)C4)c(F)c3)ccc21,IQAUGKABLVNXCM-QGZVFWFLSA-N,O=C(C1CC1)N1CCC(CN2C(=O)CN=C2c2ccc(-c3ccc4[nH]ncc4c3)cc2)C1,7.070070439915412,1,26834182,CHEMBL5725564,2017,,False,
CHEMBL5863279,Cn1ncc2cc(-c3ccc(C4=NC(C)(C)C(=O)N4C[C@@H]4CCN(C(=O)C5(C)CC5)C4)c(F)c3)ccc21,DNECODVNOXZDNR-GOSISDBHSA-N,O=C(C1CC1)N1CCC(CN2C(=O)CN=C2c2ccc(-c3ccc4[nH]ncc4c3)cc2)C1,7.179798540514359,1,26834173,CHEMBL5725564,2017,,False,
CHEMBL5863699,CC1(C)N=C(c2ccc(-c3n[nH]c4ccccc34)cc2)N(CC2CN(C(=O)C3CC3)C2)C1=O,FOBNTDDZAAOQCD-UHFFFAOYSA-N,O=C(C1CC1)N1CC(CN2C(=O)CN=C2c2ccc(-c3n[nH]c4ccccc34)cc2)C1,5.26003230324049,1,26834248,CHEMBL5725564,2017,,False,
CHEMBL5865379,CC1(C)N=C(c2ccc(-c3nc4ccccc4s3)cc2F)N(C[C@@H]2CCN(C(=O)C3CC3)C2)C1=O,JYGILXWXQSYZLQ-MRXNPFEDSA-N,O=C(C1CC1)N1CCC(CN2C(=O)CN=C2c2ccc(-c3nc4ccccc4s3)cc2)C1,6.939302159646388,1,26834104,CHEMBL5725564,2017,,False,
CHEMBL5870379,Cn1cnc2cc(-c3ccc(C4=NC(C)(C)C(=O)N4C[C@@H]4CCN(C(=O)C5(O)CC5)C4)c(F)c3)ccc21,OJDKAHVHJPTSGJ-QGZVFWFLSA-N,O=C(C1CC1)N1CCC(CN2C(=O)CN=C2c2ccc(-c3ccc4[nH]cnc4c3)cc2)C1,7.219682687859849,1,26834221,CHEMBL5725564,2017,,False,
CHEMBL5874193,CC1(C)N=C(c2ccc(-c3c[nH]c4ccccc34)cc2)N(CC2CN(C(=O)C3CC3)C2)C1=O,HIZBSEPYSUWSQS-UHFFFAOYSA-N,O=C(C1CC1)N1CC(CN2C(=O)CN=C2c2ccc(-c3c[nH]c4ccccc34)cc2)C1,5.789949150124863,1,26834131,CHEMBL5725564,2017,,False,
CHEMBL5876718,Cn1cc(-c2ccc(-c3ccc(C4=NC(C)(C)C(=O)N4C[C@@H]4CCN(C(=O)C5(C)CC5)C4)c(F)c3)cc2)cn1,VATUMQCOXVLEAV-HXUWFJFHSA-N,O=C(C1CC1)N1CCC(CN2C(=O)CN=C2c2ccc(-c3ccc(-c4cn[nH]c4)cc3)cc2)C1,7.259637310505756,1,26834176,CHEMBL5725564,2017,,False,
CHEMBL5876796,CC1(C)N=C(c2ccc(-c3nc4ccccc4s3)cc2)N(C[C@@H]2CCN(C(=O)C3CC3)C2)C1=O,BIYFHPCVZXKOCO-QGZVFWFLSA-N,O=C(C1CC1)N1CCC(CN2C(=O)CN=C2c2ccc(-c3nc4ccccc4s3)cc2)C1,6.199970640755866,1,26833993,CHEMBL5725564,2017,,False,
CHEMBL5880138,CC1(C)N=C(c2ccc(-c3nc4ccccc4s3)cc2)N(CC2CN(C(=O)C3CC3)C2)C1=O,UTACCXFSCPAACQ-UHFFFAOYSA-N,O=C(C1CC1)N1CC(CN2C(=O)CN=C2c2ccc(-c3nc4ccccc4s3)cc2)C1,5.739928612014925,1,26833996,CHEMBL5725564,2017,,False,
CHEMBL5881362,CC1(C)N=C(c2ccc(-c3ccc4cnccc4c3)cc2F)N(CC2CN(C(=O)C3CC3)C2)C1=O,SHRWDIFHTFOSKM-UHFFFAOYSA-N,O=C(C1CC1)N1CC(CN2C(=O)CN=C2c2ccc(-c3ccc4cnccc4c3)cc2)C1,7.1700533040583645,1,26834122,CHEMBL5725564,2017,,False,
CHEMBL5887129,CC1(C)N=C(c2ccc(-c3cccc4cnccc34)cc2F)N(CC2CN(C(=O)C3CC3)C2)C1=O,RSKDBXGSTXMFLH-UHFFFAOYSA-N,O=C(C1CC1)N1CC(CN2C(=O)CN=C2c2ccc(-c3cccc4cnccc34)cc2)C1,5.869988050328096,1,26834017,CHEMBL5725564,2017,,False,
CHEMBL5892433,CC1(C)N=C(c2ccc(-c3ccc4cc(F)ccc4c3)cc2)N(CC2CN(C(=O)C3CC3)C2)C1=O,SONMEDLVJCMMCH-UHFFFAOYSA-N,O=C(C1CC1)N1CC(CN2C(=O)CN=C2c2ccc(-c3ccc4ccccc4c3)cc2)C1,7.019996628416254,1,26834041,CHEMBL5725564,2017,,False,
CHEMBL5896558,CC1(C)N=C(c2ccc(-c3cnc4ccccc4c3)cc2F)N(C[C@@H]2CCN(C(=O)C3CC3)C2)C1=O,GMSQMCUMLQNFQY-GOSISDBHSA-N,O=C(C1CC1)N1CCC(CN2C(=O)CN=C2c2ccc(-c3cnc4ccccc4c3)cc2)C1,6.640164517660112,1,26834098,CHEMBL5725564,2017,,False,
CHEMBL5896696,CC1(C)N=C(c2ccc(-c3ccc4cnccc4c3)cc2)N(CC2CN(C(=O)C3CC3)C2)C1=O,AJVYDZVKUJARDZ-UHFFFAOYSA-N,O=C(C1CC1)N1CC(CN2C(=O)CN=C2c2ccc(-c3ccc4cnccc4c3)cc2)C1,6.718966632752273,1,26834035,CHEMBL5725564,2017,,False,
CHEMBL5902131,CC1(C)N=C(c2ccc(-c3ccc(-c4ccncc4)cc3)cc2)N(CC2CN(C(=O)C3CC3)C2)C1=O,ADTACSSOMKDNIV-UHFFFAOYSA-N,O=C(C1CC1)N1CC(CN2C(=O)CN=C2c2ccc(-c3ccc(-c4ccncc4)cc3)cc2)C1,6.219682687859849,1,26834032,CHEMBL5725564,2017,,False,
CHEMBL5903895,CC1(C)N=C(c2ccc(-c3n[nH]c4ccccc34)cc2F)N(CC2CN(C(=O)C3CC3)C2)C1=O,QXZYQADDPSXOOG-UHFFFAOYSA-N,O=C(C1CC1)N1CC(CN2C(=O)CN=C2c2ccc(-c3n[nH]c4ccccc34)cc2)C1,6.0,1,26834128,CHEMBL5725564,2017,,False,
CHEMBL5917086,Cn1ncc2cc(-c3ccc(C4=NC(C)(C)C(=O)N4CC4CN(C(=O)C5CC5)C4)c(F)c3)ccc21,AYUJVQGEQOWLQY-UHFFFAOYSA-N,O=C(C1CC1)N1CC(CN2C(=O)CN=C2c2ccc(-c3ccc4[nH]ncc4c3)cc2)C1,6.624244974864979,2,26834050;26834161,CHEMBL5725564,2017,replicate_median,False,
CHEMBL5917748,CC1(C)N=C(c2ccc(-c3ccc(-c4ccncc4)cc3)cc2F)N(CC2CN(C(=O)C3CC3)C2)C1=O,OZFRBNOTYCAXID-UHFFFAOYSA-N,O=C(C1CC1)N1CC(CN2C(=O)CN=C2c2ccc(-c3ccc(-c4ccncc4)cc3)cc2)C1,6.801342913045577,1,26834020,CHEMBL5725564,2017,,False,
CHEMBL5918198,CC1(c2ccccc2)N=C(c2ccc(-c3ccc4occc4c3)cc2)N(C[C@@H]2CCN(C(=O)C3CC3)C2)C1=O,VEDSEHJIDLELRZ-LWMFVPLKSA-N,O=C(C1CC1)N1CCC(CN2C(=O)C(c3ccccc3)N=C2c2ccc(-c3ccc4occc4c3)cc2)C1,6.809668301829708,1,26833969,CHEMBL5725564,2017,,False,
CHEMBL5922011,Cc1cc(-c2ccc3cc(F)ccc3c2)ccc1C1=NC(C)(C)C(=O)N1CC1CN(C(=O)C2(C)CC2)C1,NOHLSHKNBLBCON-UHFFFAOYSA-N,O=C(C1CC1)N1CC(CN2C(=O)CN=C2c2ccc(-c3ccc4ccccc4c3)cc2)C1,7.4698003017969175,1,26834200,CHEMBL5725564,2017,,False,
CHEMBL5923558,Cc1cc(-c2ccc3c(c2)ncn3C)ccc1C1=NC(C)(C)C(=O)N1C[C@@H]1CCN(C(=O)C2(O)CC2)C1,KDGDSGHLTUVPGB-LJQANCHMSA-N,O=C(C1CC1)N1CCC(CN2C(=O)CN=C2c2ccc(-c3ccc4[nH]cnc4c3)cc2)C1,7.0400051616715835,1,26834230,CHEMBL5725564,2017,,False,
CHEMBL5927061,Cn1cc(-c2ccc(-c3ccc(C4=NC(C)(C)C(=O)N4CC4CN(C(=O)C5(O)CC5)C4)c(F)c3)cc2)cn1,NVZOSBFZBQAQJI-UHFFFAOYSA-N,O=C(C1CC1)N1CC(CN2C(=O)CN=C2c2ccc(-c3ccc(-c4cn[nH]c4)cc3)cc2)C1,6.279840696594043,1,26834197,CHEMBL5725564,2017,,False,
CHEMBL5929792,COCC1(C)N=C(c2ccc(-c3ccc4occc4c3)cc2)N(C[C@@H]2CCN(C(=O)C3CC3)C2)C1=O,LJHGYUZIOSSATJ-COBFLCELSA-N,O=C(C1CC1)N1CCC(CN2C(=O)CN=C2c2ccc(-c3ccc4occc4c3)cc2)C1,6.619788758288394,1,26833978,CHEMBL5725564,2017,,False,
CHEMBL5929854,Cn1cnc2cc(-c3ccc(C4=NC(C)(C)C(=O)N4C[C@@H]4CCN(C(=O)C5(C)CC5)C4)c(F)c3)ccc21,JIGQBQALALKPDW-GOSISDBHSA-N,O=C(C1CC1)N1CCC(CN2C(=O)CN=C2c2ccc(-c3ccc4[nH]cnc4c3)cc2)C1,7.100179497572904,1,26834224,CHEMBL5725564,2017,,False,
CHEMBL5932516,CC1(C)N=C(c2ccc(-c3nc4ccccc4[nH]3)cc2F)N(CC2CN(C(=O)C3CC3)C2)C1=O,HWFJDQGEZFZPED-UHFFFAOYSA-N,O=C(C1CC1)N1CC(CN2C(=O)CN=C2c2ccc(-c3nc4ccccc4[nH]3)cc2)C1,5.320027305722581,1,26834134,CHEMBL5725564,2017,,False,
CHEMBL5938748,CC1(C)N=C(c2ccc(-c3ccc4cncnc4c3)cc2F)N(C[C@@H]2CCN(C(=O)C3CC3)C2)C1=O,GKSCLKZJFQTLPO-QGZVFWFLSA-N,O=C(C1CC1)N1CCC(CN2C(=O)CN=C2c2ccc(-c3ccc4cncnc4c3)cc2)C1,6.790484985457369,1,26834086,CHEMBL5725564,2017,,False,
CHEMBL5940406,CC1(C2CC2)N=C(c2ccc(-c3ccc4occc4c3)cc2)N(C[C@@H]2CCN(C(=O)C3CC3)C2)C1=O,RRCPSYJWUQACSG-HZRSZRRBSA-N,O=C(C1CC1)N1CCC(CN2C(=O)C(C3CC3)N=C2c2ccc(-c3ccc4occc4c3)cc2)C1,6.480172006224281,1,26833981,CHEMBL5725564,2017,,False,
CHEMBL5942995,Cn1ncc2cc(-c3ccc(C4=NC(C)(C)C(=O)N4CC4CN(C(=O)C5(O)CC5)C4)c(F)c3)ccc21,SXTQFHLTRLTDME-UHFFFAOYSA-N,O=C(C1CC1)N1CC(CN2C(=O)CN=C2c2ccc(-c3ccc4[nH]ncc4c3)cc2)C1,6.610833915635467,1,26834188,CHEMBL5725564,2017,,False,
CHEMBL5943600,Cn1cc(-c2ccc(-c3ccc(C4=NC(C)(C)C(=O)N4C[C@@H]4CCN(C(=O)C5CC5)C4)c(F)c3)cc2)cn1,LSPCBIRSCVVDPC-LJQANCHMSA-N,O=C(C1CC1)N1CCC(CN2C(=O)CN=C2c2ccc(-c3ccc(-c4cn[nH]c4)cc3)cc2)C1,7.199970640755866,1,26834089,CHEMBL5725564,2017,,False,
CHEMBL5944042,CC1(C)N=C(c2ccc(-c3ccc4cncnc4c3)cc2F)N(CC2CN(C(=O)C3CC3)C2)C1=O,PAJRTQYKIAXDCD-UHFFFAOYSA-N,O=C(C1CC1)N1CC(CN2C(=O)CN=C2c2ccc(-c3ccc4cncnc4c3)cc2)C1,6.110138278741812,1,26834083,CHEMBL5725564,2017,,False,
CHEMBL5949442,CC1(C)N=C(c2ccc(-c3ccc4ncccc4c3)cc2F)N(C[C@@H]2CCN(C(=O)C3CC3)C2)C1=O,ZUCKGSKXAYEULN-GOSISDBHSA-N,O=C(C1CC1)N1CCC(CN2C(=O)CN=C2c2ccc(-c3ccc4ncccc4c3)cc2)C1,5.860120913598763,1,26834065,CHEMBL5725564,2017,,False,
CHEMBL5957211,CC1(C)N=C(c2ccc(-c3ccc4cc(F)ccc4c3)cc2F)N(CC2CCN(C(=O)C3CC3)C2)C1=O,RUQMBLMMFHWBMQ-UHFFFAOYSA-N,O=C(C1CC1)N1CCC(CN2C(=O)CN=C2c2ccc(-c3ccc4ccccc4c3)cc2)C1,7.480172006224281,1,26834152,CHEMBL5725564,2017,,False,
CHEMBL5963009,Cc1cc(-c2ccc3c(cnn3C)c2)ccc1C1=NC(C)(C)C(=O)N1CC1CN(C(=O)C2(C)CC2)C1,KTAOEJZCHOKXPA-UHFFFAOYSA-N,O=C(C1CC1)N1CC(CN2C(=O)CN=C2c2ccc(-c3ccc4[nH]ncc4c3)cc2)C1,6.82102305270683,1,26834185,CHEMBL5725564,2017,,False,
CHEMBL5969695,CC1(C)N=C(c2ccc(-c3ccc4cnccc4c3)cc2F)N(CC2CCN(C(=O)C3CC3)C2)C1=O,AOBZGFNSNKFZHU-UHFFFAOYSA-N,O=C(C1CC1)N1CCC(CN2C(=O)CN=C2c2ccc(-c3ccc4cnccc4c3)cc2)C1,7.259637310505756,1,26834158,CHEMBL5725564,2017,,False,
CHEMBL5972322,CC1(C)N=C(c2ccc(-c3ccc4cncnc4c3)cc2)N(CC2CN(C(=O)C3CC3)C2)C1=O,FKMGXRATPUKKOB-UHFFFAOYSA-N,O=C(C1CC1)N1CC(CN2C(=O)CN=C2c2ccc(-c3ccc4cncnc4c3)cc2)C1,5.430041181903406,1,26834062,CHEMBL5725564,2017,,False,
CHEMBL5974575,CC1(C)N=C(c2ccc(-c3ccc4cccc(F)c4c3)cc2)N(C[C@@H]2CCN(C(=O)C3CC3)C2)C1=O,CDKBEWCCKZHAHQ-LJQANCHMSA-N,O=C(C1CC1)N1CCC(CN2C(=O)CN=C2c2ccc(-c3ccc4ccccc4c3)cc2)C1,7.34008379993015,1,26834077,CHEMBL5725564,2017,,False,
CHEMBL5976657,CC1(C)N=C(c2ccc(-c3ccc4occc4c3)cc2)N(C[C@@H]2CCN(C(=O)C3CC3)C2)C1=O,VZPOZXLWVVIOPT-GOSISDBHSA-N,O=C(C1CC1)N1CCC(CN2C(=O)CN=C2c2ccc(-c3ccc4occc4c3)cc2)C1,7.089909454405932,1,26833963,CHEMBL5725564,2017,,False,
CHEMBL5977971,CC1(C)N=C(c2ccc(-c3ccc4cccnc4c3)cc2F)N(C[C@@H]2CCN(C(=O)C3CC3)C2)C1=O,VBTHWGJFPDQAPR-GOSISDBHSA-N,O=C(C1CC1)N1CCC(CN2C(=O)CN=C2c2ccc(-c3ccc4cccnc4c3)cc2)C1,7.34008379993015,1,26834101,CHEMBL5725564,2017,,False,
CHEMBL5985038,CC1(C)N=C(c2ccc(-c3ccc(-c4ccncc4)cc3)cc2)N(C[C@@H]2CCN(C(=O)C3CC3)C2)C1=O,AWMDZVOICBKOGO-OAQYLSRUSA-N,O=C(C1CC1)N1CCC(CN2C(=O)CN=C2c2ccc(-c3ccc(-c4ccncc4)cc3)cc2)C1,7.400116927926312,1,26833999,CHEMBL5725564,2017,,False,
CHEMBL5990353,Cc1cc(-c2ccc3c(c2)ncn3C)ccc1C1=NC(C)(C)C(=O)N1C[C@@H]1CCN(C(=O)C2(C)CC2)C1,KAOCLEAYTOBIOF-HXUWFJFHSA-N,O=C(C1CC1)N1CCC(CN2C(=O)CN=C2c2ccc(-c3ccc4[nH]cnc4c3)cc2)C1,7.100179497572904,1,26834209,CHEMBL5725564,2017,,False,
CHEMBL5993582,CC1(C)N=C(c2ccc(-c3cccc4ncccc34)cc2)N(CC2CN(C(=O)C3CC3)C2)C1=O,CJUROJYZBCKXJT-UHFFFAOYSA-N,O=C(C1CC1)N1CC(CN2C(=O)CN=C2c2ccc(-c3cccc4ncccc34)cc2)C1,5.250031916490597,1,26834008,CHEMBL5725564,2017,,False,
CHEMBL5996553,CC1(C)N=C(c2ccc(-c3nc4ccccc4s3)cc2F)N(CC2CN(C(=O)C3CC3)C2)C1=O,BBQFPFZFKJDJQU-UHFFFAOYSA-N,O=C(C1CC1)N1CC(CN2C(=O)CN=C2c2ccc(-c3nc4ccccc4s3)cc2)C1,6.379863945026242,1,26834056,CHEMBL5725564,2017,,False,
CHEMBL5997576,CC1(C(=O)N2CC[C@@H](CN3C(=O)C(C)(C)N=C3c3ccc(-c4ccc5cc(F)ccc5c4)cc3F)C2)CC1,PSZBHCGFGKZYCP-LJQANCHMSA-N,O=C(C1CC1)N1CCC(CN2C(=O)CN=C2c2ccc(-c3ccc4ccccc4c3)cc2)C1,7.259637310505756,1,26834179,CHEMBL5725564,2017,,False,
CHEMBL6003285,CC1(C)N=C(c2ccc(-c3ccc4cccc(F)c4c3)cc2F)N(CC2CN(C(=O)C3CC3)C2)C1=O,FKABAYYMYFIBMP-UHFFFAOYSA-N,O=C(C1CC1)N1CC(CN2C(=O)CN=C2c2ccc(-c3ccc4ccccc4c3)cc2)C1,7.459670525209126,1,26834119,CHEMBL5725564,2017,,False,
CHEMBL6006978,CC1(C)N=C(c2ccc(-c3c[nH]c4ccccc34)cc2F)N(CC2CN(C(=O)C3CC3)C2)C1=O,GBIKPKMJYCUKSY-UHFFFAOYSA-N,O=C(C1CC1)N1CC(CN2C(=O)CN=C2c2ccc(-c3c[nH]c4ccccc34)cc2)C1,6.690369832574102,1,26834140,CHEMBL5725564,2017,,False,
CHEMBL6030711,Cc1cc(-c2ccc3c(cnn3C)c2)ccc1C1=NC(C)(C)C(=O)N1C[C@@H]1CCN(C(=O)C2(C)CC2)C1,LBKDHMCMEJUIGY-HXUWFJFHSA-N,O=C(C1CC1)N1CCC(CN2C(=O)CN=C2c2ccc(-c3ccc4[nH]ncc4c3)cc2)C1,7.199970640755866,1,26834194,CHEMBL5725564,2017,,False,
CHEMBL6032013,CC1(C)N=C(c2ccc(-c3ccc(-c4ccncc4)cc3)cc2F)N(C[C@@H]2CCN(C(=O)C3CC3)C2)C1=O,MURXBAJARCDDNB-HXUWFJFHSA-N,O=C(C1CC1)N1CCC(CN2C(=O)CN=C2c2ccc(-c3ccc(-c4ccncc4)cc3)cc2)C1,7.279840696594043,1,26834092,CHEMBL5725564,2017,,False,
CHEMBL6034162,Cc1cc(-c2ccc3cc(F)ccc3c2)ccc1C1=NC(C)(C)C(=O)N1C[C@@H]1CCN(C(=O)C2(C)CC2)C1,DGGFOWOZOIDBCJ-OAQYLSRUSA-N,O=C(C1CC1)N1CCC(CN2C(=O)CN=C2c2ccc(-c3ccc4ccccc4c3)cc2)C1,7.369572124974976,1,26834212,CHEMBL5725564,2017,,False,
CHEMBL6035580,Cn1cc(-c2ccc(-c3ccc(C4=NC(C)(C)C(=O)N4CC4CN(C(=O)C5(C)CC5)C4)c(F)c3)cc2)cn1,AEKCVDWDBNPXQZ-UHFFFAOYSA-N,O=C(C1CC1)N1CC(CN2C(=O)CN=C2c2ccc(-c3ccc(-c4cn[nH]c4)cc3)cc2)C1,7.179798540514359,1,26834164,CHEMBL5725564,2017,,False,
CHEMBL6039031,CC1(C)N=C(c2ccc(-c3c[nH]c4ccccc34)cc2F)N(CC2CCN(C(=O)C3CC3)C2)C1=O,OHNZWQCEDAXPBA-UHFFFAOYSA-N,O=C(C1CC1)N1CCC(CN2C(=O)CN=C2c2ccc(-c3c[nH]c4ccccc34)cc2)C1,7.1598939055432425,1,26834143,CHEMBL5725564,2017,,False,
CHEMBL6040423,CC1(C)N=C(c2ccc(-c3nc4ccccc4o3)cc2)N(CC2CN(C(=O)C3CC3)C2)C1=O,DBKKIPGTMWYPLG-UHFFFAOYSA-N,O=C(C1CC1)N1CC(CN2C(=O)CN=C2c2ccc(-c3nc4ccccc4o3)cc2)C1,5.36997914888659,1,26833990,CHEMBL5725564,2017,,False,
CHEMBL6051120,CC1(c2ccccc2)N=C(c2ccc(-c3ccc4[nH]ccc4c3)cc2)N(C[C@@H]2CCN(C(=O)C3CC3)C2)C1=O,ULWLUEXYLAUFIU-LWMFVPLKSA-N,O=C(C1CC1)N1CCC(CN2C(=O)C(c3ccccc3)N=C2c2ccc(-c3ccc4[nH]ccc4c3)cc2)C1,7.140261433802853,1,26833975,CHEMBL5725564,2017,,False,
CHEMBL6052895,Cn1cnc2cc(-c3ccc(C4=NC(C)(C)C(=O)N4CC4CN(C(=O)C5(O)CC5)C4)c(F)c3)ccc21,IKAMIYHJDNDXCI-UHFFFAOYSA-N,O=C(C1CC1)N1CC(CN2C(=O)CN=C2c2ccc(-c3ccc4[nH]cnc4c3)cc2)C1,6.489454989793388,1,26834236,CHEMBL5725564,2017,,False,
CHEMBL6052926,CC1(C)N=C(c2ccc(-c3n[nH]c4ccccc34)cc2)N(C[C@@H]2CCN(C(=O)C3CC3)C2)C1=O,YUSJBCKUBMTQRO-QGZVFWFLSA-N,O=C(C1CC1)N1CCC(CN2C(=O)CN=C2c2ccc(-c3n[nH]c4ccccc34)cc2)C1,5.189969213594161,1,26834059,CHEMBL5725564,2017,,False,
CHEMBL6055542,CC1(C)N=C(c2ccc(-c3nc4ccccc4o3)cc2F)N(CC2CN(C(=O)C3CC3)C2)C1=O,VDSKLNVHHAAIOA-UHFFFAOYSA-N,O=C(C1CC1)N1CC(CN2C(=O)CN=C2c2ccc(-c3nc4ccccc4o3)cc2)C1,6.250263684430939,1,26834110,CHEMBL5725564,2017,,False,
CHEMBL6056422,CC1(C)N=C(c2ccc(-c3nc4ccccc4o3)cc2)N(C[C@@H]2CCN(C(=O)C3CC3)C2)C1=O,KJHQXUSVUQYIDG-QGZVFWFLSA-N,O=C(C1CC1)N1CCC(CN2C(=O)CN=C2c2ccc(-c3nc4ccccc4o3)cc2)C1,6.199970640755866,1,26833987,CHEMBL5725564,2017,,False,
CHEMBL6062830,Cc1cc(-c2ccc3c(c2)ncn3C)ccc1C1=NC(C)(C)C(=O)N1CC1CN(C(=O)C2(O)CC2)C1,NVELOTBJOQUGQQ-UHFFFAOYSA-N,O=C(C1CC1)N1CC(CN2C(=O)CN=C2c2ccc(-c3ccc4[nH]cnc4c3)cc2)C1,6.369572124974976,1,26834227,CHEMBL5725564,2017,,False,
